{"commitId":"6f703ade639d7d2c9a4152e748ad5696595f5226","commitIdent":"Arie van Deursen","commitMessage":"Bump to version 8.1.1.\n\nSmall release for some simple typos and small patches.","commitDate":"2019-01-05 05:58:46","lastCommitId":"302622e6590fbb9b35d5ecc97330dd2f5a41b8df","mergeBranchCommitId":null}
{"commitId":"b2d7805fc6f39afbf12dd0686f4ad48f07b9b070","commitIdent":"Arie van Deursen","commitMessage":"Fix markdown rendering in GitHub.\n","commitDate":"2018-12-03 00:22:04","lastCommitId":"05681455d905586f940e0e00ed05f34266332ae9","mergeBranchCommitId":null}
{"commitId":"a6965083cef5e75102a815cfd7b6f81028ec80a7","commitIdent":"Mees Frensel","commitMessage":"Fix critical typo","commitDate":"2018-05-09 20:54:28","lastCommitId":"05681455d905586f940e0e00ed05f34266332ae9","mergeBranchCommitId":null}
{"commitId":"05681455d905586f940e0e00ed05f34266332ae9","commitIdent":"LiamClark","commitMessage":"version 8.1.0\n","commitDate":"2018-05-01 04:13:06","lastCommitId":"51f041d65782a61449b01270d001c7d1d4ccf6f6","mergeBranchCommitId":null}
{"commitId":"51f041d65782a61449b01270d001c7d1d4ccf6f6","commitIdent":"LiamClark","commitMessage":"Remove qualified this in Board.invariant()\n\nIt was only used for the checker framework,\nsince that's gone now. We don't have to use\nthis obscure construct anymore.\n\nfixes #123\n","commitDate":"2018-05-01 04:10:37","lastCommitId":"9b0a3036c66be4da106b7776560b3f612abce728","mergeBranchCommitId":null}
{"commitId":"9b0a3036c66be4da106b7776560b3f612abce728","commitIdent":"LiamClark","commitMessage":"Fix junit vintage dependency warning\n\nfixes #125\n","commitDate":"2018-05-01 04:10:37","lastCommitId":"794e27945b97d9aed2e167083e4545e9adad3aaa","mergeBranchCommitId":null}
{"commitId":"794e27945b97d9aed2e167083e4545e9adad3aaa","commitIdent":"Arie van Deursen","commitMessage":"Update version in readme.\n\nAdd link to template and gitlab.\n","commitDate":"2018-05-01 03:37:02","lastCommitId":"266a352728c7417fedd2e87c621aa146ae7c388b","mergeBranchCommitId":null}
{"commitId":"266a352728c7417fedd2e87c621aa146ae7c388b","commitIdent":"LiamClark","commitMessage":"Make findUnitInBoard static\n","commitDate":"2018-05-01 03:29:12","lastCommitId":"ee117274f26b8928fae0b00a5fae7f97135b7c24","mergeBranchCommitId":null}
{"commitId":"ee117274f26b8928fae0b00a5fae7f97135b7c24","commitIdent":"Casper Boone","commitMessage":"Remove ParameterizedAssignment.java\n","commitDate":"2018-05-01 03:23:35","lastCommitId":"577165e69c259281b9cffd26467ff5fe1cb6e486","mergeBranchCommitId":null}
{"commitId":"577165e69c259281b9cffd26467ff5fe1cb6e486","commitIdent":"Casper Boone","commitMessage":"Rename playerDestination to destination","commitDate":"2018-05-01 03:22:22","lastCommitId":"933c58de5cea1feb813c4947c6297e6f332df2b4","mergeBranchCommitId":null}
{"commitId":"933c58de5cea1feb813c4947c6297e6f332df2b4","commitIdent":"LiamClark","commitMessage":"Extract methods from ghostMapParser into the framework\n","commitDate":"2018-05-01 03:17:10","lastCommitId":"2434427914fa957f65617a9e794510f0c6ada9f9","mergeBranchCommitId":null}
{"commitId":"2434427914fa957f65617a9e794510f0c6ada9f9","commitIdent":"LiamClark","commitMessage":"V8.0.0\n","commitDate":"2018-04-24 20:42:48","lastCommitId":"01b27f3b5df8852be3bf2f6fffec899a941ffd7b","mergeBranchCommitId":null}
{"commitId":"c0751a4d1da877175defd6fa7b93378c8288c640","commitIdent":"Gijs Weterings","commitMessage":"Bashful -> Inky\n","commitDate":"2018-04-24 19:56:55","lastCommitId":"482e82ba5c99d0b3e5de4752d6ddff7993a219cd","mergeBranchCommitId":null}
{"commitId":"482e82ba5c99d0b3e5de4752d6ddff7993a219cd","commitIdent":"LiamClark","commitMessage":"Remove references to home corners\n","commitDate":"2018-04-24 19:49:23","lastCommitId":"52e1078ced68c35ff408ec953a02ff7f57d76ac3","mergeBranchCommitId":null}
{"commitId":"52e1078ced68c35ff408ec953a02ff7f57d76ac3","commitIdent":"LiamClark","commitMessage":"Make clyde's and inky's jdoc less confusing\n","commitDate":"2018-04-24 19:42:25","lastCommitId":"9cc5e882821f39a42550ed3cbf282b2ecc1bcde0","mergeBranchCommitId":null}
{"commitId":"9cc5e882821f39a42550ed3cbf282b2ecc1bcde0","commitIdent":"LiamClark","commitMessage":"Make find unit return the specific type\n","commitDate":"2018-04-23 16:21:25","lastCommitId":"4d58bd38f3eb2737b8fdc2d7bea01bb3657ac233","mergeBranchCommitId":null}
{"commitId":"721c653873066f291e128c0f48a562e5029f2635","commitIdent":"LiamClark","commitMessage":"Fixes for ghost ai logic\n\n1. deduplicate the code for following a direction\n2. fix a bug in inky's AI.\n\nThe bug was that when following the firstHalf path, instead of following the path,\nthe square next to the player square in the direction of the last direction in the path was taken.\n","commitDate":"2018-04-23 04:28:12","lastCommitId":"a2674dbe2e9c11199295e6b5e375ab21bfa44b39","mergeBranchCommitId":null}
{"commitId":"a2674dbe2e9c11199295e6b5e375ab21bfa44b39","commitIdent":"LiamClark","commitMessage":"Remove unit from the ghost hierarchy\n","commitDate":"2018-04-23 02:59:17","lastCommitId":"70c0f319fdad09339a099240c6021905aeb674ba","mergeBranchCommitId":null}
{"commitId":"70c0f319fdad09339a099240c6021905aeb674ba","commitIdent":"LiamClark","commitMessage":"Fix checkstyle warnings\n","commitDate":"2018-04-23 02:19:16","lastCommitId":"fb70881a2ff293e927bb3c72831a08d8589c4bd5","mergeBranchCommitId":null}
{"commitId":"fb70881a2ff293e927bb3c72831a08d8589c4bd5","commitIdent":"LiamClark","commitMessage":"Extract random moves into the ghost superclass\n","commitDate":"2018-04-23 00:41:51","lastCommitId":"81b32973856076076ce53cceddca4f7e582682b7","mergeBranchCommitId":null}
{"commitId":"81b32973856076076ce53cceddca4f7e582682b7","commitIdent":"Otto Visser","commitMessage":"Change to new nexus server\n","commitDate":"2018-04-22 22:05:54","lastCommitId":"97152cf219040dbc40c37989ff38662f551bb447","mergeBranchCommitId":null}
{"commitId":"78c844eb6debdbd5e7e52c8d07b86bbfd3edefc4","commitIdent":"Arie van Deursen","commitMessage":"Bump to 7.1.0-SNAPSHOT.\n","commitDate":"2018-04-21 21:58:31","lastCommitId":"f0e922ffda15921da1a3b2a40db664dcb538e7de","mergeBranchCommitId":null}
{"commitId":"f0e922ffda15921da1a3b2a40db664dcb538e7de","commitIdent":"Arie van Deursen","commitMessage":"Undo restriction of pmd to java 8.\n\nPMD is in fact ready for java 9.\n","commitDate":"2018-04-21 21:42:53","lastCommitId":"621f3dc817a6bcd4162d6259b24864a38e50a3e7","mergeBranchCommitId":null}
{"commitId":"621f3dc817a6bcd4162d6259b24864a38e50a3e7","commitIdent":"Arie van Deursen","commitMessage":"Add javadocs to example system test.\n\nAs required by checkstyle settings.\n","commitDate":"2018-04-21 21:34:44","lastCommitId":"6d236db64cb7ea3f64716d929bf28785b80d1d3b","mergeBranchCommitId":null}
{"commitId":"6d236db64cb7ea3f64716d929bf28785b80d1d3b","commitIdent":"Arie van Deursen","commitMessage":"Use suppress warnings from spot/findbugs.\n\nAdd spotbugs annotations to the pom.xml and use those\ninstead of the one from graal.\n","commitDate":"2018-04-21 21:31:47","lastCommitId":"5b02194c90459191bdf7171def7745d5c529d3d8","mergeBranchCommitId":null}
{"commitId":"fabf836e6fed0009ef86086a722f90a07d1da970","commitIdent":"LiamClark","commitMessage":"Fix spotbugs reporting and suppress resource warning\n","commitDate":"2018-04-21 20:26:23","lastCommitId":"81e055c78a26610086dd8d7191d736ae6566f8dd","mergeBranchCommitId":null}
{"commitId":"81e055c78a26610086dd8d7191d736ae6566f8dd","commitIdent":"LiamClark","commitMessage":"Spot bugs depends on the compile output.\n\nTherefore we move the test-compile into the first\nanalysis command\n","commitDate":"2018-04-21 20:04:09","lastCommitId":"1d5581f9ca153e59e2a7001b0ecae040fe810a22","mergeBranchCommitId":null}
{"commitId":"9a4dd1d1c077ac0a3d71dd302890f45292f80395","commitIdent":"LiamClark","commitMessage":"Remove now redundant warning suppression\n","commitDate":"2018-04-21 19:57:06","lastCommitId":"ac1c4da2d446017f224a538d370b18997373fce6","mergeBranchCommitId":null}
{"commitId":"1d5581f9ca153e59e2a7001b0ecae040fe810a22","commitIdent":"LiamClark","commitMessage":"Configure static analysis tools for continous integration\n\n1. Make all the tools print their output in their task.\n2. Make the command actually fail if there are warnings present.\n3. Enable maven batch mode for better ci output.\n\t(this removes download progress)\n4. Fix spotbugs config.\n\tThe only analyze attribute was set too restrictively.\n\tRemoving it makes it actually trigger warnings\n","commitDate":"2018-04-21 18:14:44","lastCommitId":"ac1c4da2d446017f224a538d370b18997373fce6","mergeBranchCommitId":null}
{"commitId":"ac1c4da2d446017f224a538d370b18997373fce6","commitIdent":"LiamClark","commitMessage":"Removal of the checker framework\n\nRemove all mention of it and the profiles in the pom.xml\nDeleted all imports and usages of the annotations\n","commitDate":"2018-04-21 17:07:34","lastCommitId":"f74fcbde462e6c9496ae42ec2fce6937941c2429","mergeBranchCommitId":null}
{"commitId":"bfff088a5ffb051787d0812985c6542ad58b9bc5","commitIdent":"Mauricio Aniche","commitMessage":"StartupSystemTest as an example\n","commitDate":"2018-04-21 16:48:06","lastCommitId":"fe82746d41ad211c2df716845adba866e92972ca","mergeBranchCommitId":null}
{"commitId":"fe82746d41ad211c2df716845adba866e92972ca","commitIdent":"Mauricio Aniche","commitMessage":"Make the scenarios file timeless\n","commitDate":"2018-04-21 16:47:52","lastCommitId":"2f94279819a78071c579da517359eb9b421f0275","mergeBranchCommitId":null}
{"commitId":"f74fcbde462e6c9496ae42ec2fce6937941c2429","commitIdent":"LiamClark","commitMessage":"Add xvfb run to the test command\n","commitDate":"2018-04-21 07:32:22","lastCommitId":"6344344c72745ea00973c3972507bfeb1cdb37cd","mergeBranchCommitId":null}
{"commitId":"6344344c72745ea00973c3972507bfeb1cdb37cd","commitIdent":"LiamClark","commitMessage":"Create gitlab ci pipeline\n\nThe pipeline consists of two phases.\n\n1. build and test the code\n2. run spot-bugs, pmd and checkstyle on the project\n","commitDate":"2018-04-21 07:02:09","lastCommitId":"2f94279819a78071c579da517359eb9b421f0275","mergeBranchCommitId":null}
{"commitId":"abe1128796cbaedf121be9407559863684225a5e","commitIdent":"Arie van Deursen","commitMessage":"Suppress pmd warning on storing array directly.\n","commitDate":"2018-04-11 14:37:37","lastCommitId":"f3178b849171907aa7c8d7648689a309c69fe1ee","mergeBranchCommitId":null}
{"commitId":"f3178b849171907aa7c8d7648689a309c69fe1ee","commitIdent":"Arie van Deursen","commitMessage":"Update maven jar configuration to latest version.\n\nNo default manifest, no need to specify jar besides test jar.\n","commitDate":"2018-04-09 17:58:29","lastCommitId":"c632f7819da88350e5912fb6fda1617f6635952a","mergeBranchCommitId":null}
{"commitId":"c632f7819da88350e5912fb6fda1617f6635952a","commitIdent":"Arie van Deursen","commitMessage":"Update dependencies to latest versions\n\nEnforce maven 3.1.1 as needed by the spotbugs plugin.\n","commitDate":"2018-04-09 17:34:39","lastCommitId":"7791f47462481ae78689db98b9b3033349a6b92b","mergeBranchCommitId":null}
{"commitId":"7791f47462481ae78689db98b9b3033349a6b92b","commitIdent":"Arie van Deursen","commitMessage":"Switch to spotbugs, drop findbugs.\n","commitDate":"2018-04-09 02:47:39","lastCommitId":"52b5d31e02800fedd0761962461879a261825e03","mergeBranchCommitId":null}
{"commitId":"52b5d31e02800fedd0761962461879a261825e03","commitIdent":"Arie van Deursen","commitMessage":"Update javadoc to reflect stronger precondition of getSquare.\n","commitDate":"2018-04-09 02:47:39","lastCommitId":"e2f78c3e563ae0fb7b370d8dc0139bfcf3589ece","mergeBranchCommitId":null}
{"commitId":"e2f78c3e563ae0fb7b370d8dc0139bfcf3589ece","commitIdent":"Arie van Deursen","commitMessage":"Use SuppressWarnings annotation for checkstyle.\n\nWarnings can be suppressed through comments or annotations.\n\nSimplify configuration by allowing annotations only\n(which are also clearer, as they come with a reason).\n\nChange to this configuration needed anyway the comment filters\nwere moved in checkstyle 8.6.\n","commitDate":"2018-04-09 02:47:39","lastCommitId":"930b02a9dc6d2d5c9d5718762c861f46cbcec932","mergeBranchCommitId":null}
{"commitId":"930b02a9dc6d2d5c9d5718762c861f46cbcec932","commitIdent":"Arie van Deursen","commitMessage":"Update pmd rule sets to new \"best practices\" category.\n\nTo do: See if other categories containing meaningful rules.\nThen remove commented out obsolete rule sets.\n","commitDate":"2018-04-09 02:47:38","lastCommitId":"5185208eb89fb4b4ae0347ae0ea57bdeaef817fd","mergeBranchCommitId":null}
{"commitId":"5185208eb89fb4b4ae0347ae0ea57bdeaef817fd","commitIdent":"Arie van Deursen","commitMessage":"Set pmd to jdk 1.8 as it isn't ready for java 9 yet.\n","commitDate":"2018-04-09 02:47:07","lastCommitId":"be5cb0992b4bbbd3b68deee00fb4c4de93cd0d6f","mergeBranchCommitId":null}
{"commitId":"be5cb0992b4bbbd3b68deee00fb4c4de93cd0d6f","commitIdent":"Arie van Deursen","commitMessage":"Add java9 as travis build environment.\n","commitDate":"2018-04-04 23:15:28","lastCommitId":"6894f594cc5bfaafce3efdd49e5794ce7100b129","mergeBranchCommitId":null}
{"commitId":"6894f594cc5bfaafce3efdd49e5794ce7100b129","commitIdent":"Arie van Deursen","commitMessage":"Profiles for jdk 8 and jdk 9\n\nJava8:\n- enable checker framework checks\n\nJava9:\n- disable checker framework checks\n- configure cucumber to avoid certain warnings\n","commitDate":"2018-04-04 21:12:09","lastCommitId":"6f135e835d6a97c0ae0ccf99af92b9e5557c0d7e","mergeBranchCommitId":null}
{"commitId":"6f135e835d6a97c0ae0ccf99af92b9e5557c0d7e","commitIdent":"Arie van Deursen","commitMessage":"Remove <prerequisites>, not needed in maven 3.5.0\n","commitDate":"2018-04-03 21:02:43","lastCommitId":"f6db83828aacb88120314f4382d4b2de7374f59a","mergeBranchCommitId":null}
{"commitId":"f6db83828aacb88120314f4382d4b2de7374f59a","commitIdent":"Arie van Deursen","commitMessage":"Update dependencies to their latest versions.\n","commitDate":"2018-04-03 20:50:31","lastCommitId":"363c9827a5c7322ff385c74e17a2169071353d83","mergeBranchCommitId":null}
{"commitId":"6fcb81aec0e7a63506d7bf1a9f22641246b62c06","commitIdent":"Arie van Deursen","commitMessage":"Bump to jpf version 7.0.0\n","commitDate":"2017-04-25 04:47:35","lastCommitId":"b16b5531ff998e6d110f1f01887134860f8f366f","mergeBranchCommitId":null}
{"commitId":"6980da986aa559db9774ca80896d51a2a651f7b2","commitIdent":"Casper Boone","commitMessage":"Add new line to the end of .editorconfig\n","commitDate":"2017-04-25 04:21:19","lastCommitId":"dacbc1d20defd5c2256a38a306a1b7d1fd49fc30","mergeBranchCommitId":null}
{"commitId":"dacbc1d20defd5c2256a38a306a1b7d1fd49fc30","commitIdent":"Casper Boone","commitMessage":"Add missing JavaDoc to MapParser\n","commitDate":"2017-04-25 04:15:01","lastCommitId":"b029f50cbff69b8fa465866cd2a54b9baa1599a7","mergeBranchCommitId":null}
{"commitId":"b029f50cbff69b8fa465866cd2a54b9baa1599a7","commitIdent":"Casper Boone","commitMessage":"Replace tabs with spaces\n\nThis is done to make the indentation style uniform.\n","commitDate":"2017-04-25 04:07:15","lastCommitId":"9c4808c9a7128340fd5b0de044c204c0c26711a1","mergeBranchCommitId":null}
{"commitId":"9c4808c9a7128340fd5b0de044c204c0c26711a1","commitIdent":"Casper Boone","commitMessage":"Add .editorconfig file\n\nAs suggested by @TimvdLippe: add .editorconfig file so that IDEs will use the correct indentation style (and line endings) 'automatically'.\n","commitDate":"2017-04-25 03:38:56","lastCommitId":"5318b7c8e810e91e3ca5b1a6cca528016b44a95c","mergeBranchCommitId":null}
{"commitId":"5318b7c8e810e91e3ca5b1a6cca528016b44a95c","commitIdent":"Casper Boone","commitMessage":"Add checkstyle rules for uniform indentation\n\nDisallow the use of tabs (as done in both Google Java Style as Checkstyle Style) and add rules for the number of spaces, based on Checkstyle Style and the current state of the project.\n","commitDate":"2017-04-25 03:38:56","lastCommitId":"853e437264c817e503bf42decb1ee771a666d5c0","mergeBranchCommitId":null}
{"commitId":"b8a5fc4f558b28291857f0a22951864ecb675838","commitIdent":"Arie van Deursen","commitMessage":"Moving back to SNAPSHOT release.\n","commitDate":"2017-04-24 20:59:59","lastCommitId":"12dfd0e46eee5160cf043955f91e229e2965f796","mergeBranchCommitId":null}
{"commitId":"12dfd0e46eee5160cf043955f91e229e2965f796","commitIdent":"Arie van Deursen","commitMessage":"Move resource handling from Launcher to MapParser.\n","commitDate":"2017-04-24 20:53:29","lastCommitId":"0335b58719e43528d469e1c25651f99d6d091527","mergeBranchCommitId":null}
{"commitId":"0335b58719e43528d469e1c25651f99d6d091527","commitIdent":"Arie van Deursen","commitMessage":"Convert tabs to spaces.\n","commitDate":"2017-04-24 20:53:29","lastCommitId":"9db03a091aad503e14437d240ad12fd688353374","mergeBranchCommitId":null}
{"commitId":"9db03a091aad503e14437d240ad12fd688353374","commitIdent":"Arie van Deursen","commitMessage":"Make addSquare open for extension.\n\nFixes #95.\n","commitDate":"2017-04-24 20:53:29","lastCommitId":"cd3315151565acbfa6b722671aa17c2cd819c8ee","mergeBranchCommitId":null}
{"commitId":"cd3315151565acbfa6b722671aa17c2cd819c8ee","commitIdent":"Arie van Deursen","commitMessage":"Convert tabs to spaces and cleanup layout.\n","commitDate":"2017-04-24 20:53:29","lastCommitId":"0c2ec13837309be32e288df53c0bd734dc78de52","mergeBranchCommitId":null}
{"commitId":"e773e3ef62fee4d5bb7adaf943155c14783b27c5","commitIdent":"Arie van Deursen","commitMessage":"Update annotation usage example to JUnit 5.\n\n(Drop the RunWith annotation)\n","commitDate":"2017-04-24 16:06:47","lastCommitId":"d257f4bfac8be91e92bc71e20241ed5e07894e44","mergeBranchCommitId":null}
{"commitId":"d257f4bfac8be91e92bc71e20241ed5e07894e44","commitIdent":"Arie van Deursen","commitMessage":"Adopt JUnit 5 ParameterizedTest as an example.\n","commitDate":"2017-04-24 15:58:01","lastCommitId":"8329470c1567f728bb598485c4a630442dcd6a9e","mergeBranchCommitId":null}
{"commitId":"a9f5f65b518694167c67488596b508a60d4be220","commitIdent":"Casper Boone","commitMessage":"Improve readability of directions in PacManSprites\n","commitDate":"2017-04-24 06:01:00","lastCommitId":"3a051551fb94ba1f7c9d05e4d18e59d7ef673991","mergeBranchCommitId":null}
{"commitId":"3a051551fb94ba1f7c9d05e4d18e59d7ef673991","commitIdent":"Casper Boone","commitMessage":"Remove unnecessary empty lines from PlayerCollisions\n","commitDate":"2017-04-24 06:01:00","lastCommitId":"9336290ff4ad518ffd94755e38cdce5029994497","mergeBranchCommitId":null}
{"commitId":"9336290ff4ad518ffd94755e38cdce5029994497","commitIdent":"Casper Boone","commitMessage":"Fix indentation of createGhost in LevelFactory\n","commitDate":"2017-04-24 06:01:00","lastCommitId":"2d15bdc2c0692da6c0c84c99cc7856a4d085118d","mergeBranchCommitId":null}
{"commitId":"2d15bdc2c0692da6c0c84c99cc7856a4d085118d","commitIdent":"Casper Boone","commitMessage":"Remove unnecessary abbreviations and line breaks\n\nRemove unnecessary abbreviations to improve readability and consistency throughout the code base. Also, remove unnecessary line breaks for lines shorter than 100 characters.\n","commitDate":"2017-04-24 06:01:00","lastCommitId":"aaff5cca54a894148a28fbb6bae236ad38b81026","mergeBranchCommitId":null}
{"commitId":"aaff5cca54a894148a28fbb6bae236ad38b81026","commitIdent":"Casper Boone","commitMessage":"Fix player factory abbreviation in GameFactory\n","commitDate":"2017-04-24 06:00:00","lastCommitId":"9d0a4d4f47cddeb97f4fff80576400685b9f1dcd","mergeBranchCommitId":null}
{"commitId":"9d0a4d4f47cddeb97f4fff80576400685b9f1dcd","commitIdent":"Casper Boone","commitMessage":"Remove else case in Launcher\n","commitDate":"2017-04-24 06:00:00","lastCommitId":"216f970e020dd14ae324b75c0b0fbb684f37aafe","mergeBranchCommitId":null}
{"commitId":"216f970e020dd14ae324b75c0b0fbb684f37aafe","commitIdent":"Arie van Deursen","commitMessage":"Bump to 7.0.0-M1\n","commitDate":"2017-04-24 05:19:16","lastCommitId":"5bda10e8c21441830b153358dc9c85a7217368cc","mergeBranchCommitId":null}
{"commitId":"f8227a125ed3731d347610004208e833dcd57592","commitIdent":"Arie van Deursen","commitMessage":"Exclude TestClassWithoutTestCases in PMD due to JUnit 5.\n","commitDate":"2017-04-24 04:48:36","lastCommitId":"75dc813bf2015ed777435d1315a4f316826ced9d","mergeBranchCommitId":null}
{"commitId":"75dc813bf2015ed777435d1315a4f316826ced9d","commitIdent":"Arie van Deursen","commitMessage":"Handle various code improvements (use lambdas).\n","commitDate":"2017-04-24 04:47:59","lastCommitId":"3fbccc7d23c9e98811e03d5c58d04f3b353fc6ac","mergeBranchCommitId":null}
{"commitId":"fa21f880b7593e99452f63369e55b29a238e5ac1","commitIdent":"Casper Boone","commitMessage":"Fix Javadoc of Ground class\n\nChange 'wall' to 'ground square' to correctly describe the class.","commitDate":"2017-04-24 03:47:22","lastCommitId":"7f4b0055284fff7e9df852576339a53686937a8d","mergeBranchCommitId":null}
{"commitId":"1db187771b8086e2d37de11d86c3dd25ab7b696c","commitIdent":"Arie van Deursen","commitMessage":"Move Startup scenario to dedicated folder.\n\nTo set an example for isolated cucumber tests.\n","commitDate":"2017-04-24 03:42:42","lastCommitId":"c5f7102ab6ffa92f39ee9afe89e8b2c2705c33a8","mergeBranchCommitId":null}
{"commitId":"7fca090a825330d36ea1f3ab4ec37adcc0b415fe","commitIdent":"Arie van Deursen","commitMessage":"Update maven compiler plugin to latest version.\n\nIn line with https://github.com/typetools/checker-framework/pull/1249\n","commitDate":"2017-04-24 02:42:20","lastCommitId":"391a2a2d7987d9c6c266f475f16867e1c02a804c","mergeBranchCommitId":null}
{"commitId":"7ca429ee775ca344e6d8a9bfec4266e6b0a54b0e","commitIdent":"Michael Ernst","commitMessage":"Make README more explicit\n","commitDate":"2017-04-23 18:50:51","lastCommitId":"52cce4e03618641527862a48e1b6543d41cb5c20","mergeBranchCommitId":null}
{"commitId":"c038ca224b1b3d390ebe960249641377ec178edf","commitIdent":"Michael Ernst","commitMessage":"There is no need to annotate local variables\n\nTheir types are automatically inferred.\n","commitDate":"2017-04-23 18:49:31","lastCommitId":"52cce4e03618641527862a48e1b6543d41cb5c20","mergeBranchCommitId":null}
{"commitId":"3a00d5b84ba67bcf9d104b389ca0dea7167ff90a","commitIdent":"Arie van Deursen","commitMessage":"Add explanation of receiver parameter this and its annotation.\n\nAdded since this invariant method may be a student's first\nencounter of this (not so widely used) Java 8 feature.\n","commitDate":"2017-04-23 04:30:33","lastCommitId":"4f8d0ab6213228368e87770968b653a8701d4642","mergeBranchCommitId":null}
{"commitId":"4f8d0ab6213228368e87770968b653a8701d4642","commitIdent":"Arie van Deursen","commitMessage":"Move checkstyle version into mvn property.\n","commitDate":"2017-04-23 02:56:57","lastCommitId":"f18cc636b15550fa9baaefa72bc06e2e04115873","mergeBranchCommitId":null}
{"commitId":"f18cc636b15550fa9baaefa72bc06e2e04115873","commitIdent":"Arie van Deursen","commitMessage":"Update checkstyle version used in cs plugin.\n\nIn order to fix problem with explicit receiver parameters.\n\nhttps://github.com/checkstyle/checkstyle/pull/3734\n\nhttps://maven.apache.org/plugins/maven-checkstyle-plugin/examples/upgrading-checkstyle.html\n","commitDate":"2017-04-23 02:39:55","lastCommitId":"52cce4e03618641527862a48e1b6543d41cb5c20","mergeBranchCommitId":null}
{"commitId":"c5f7102ab6ffa92f39ee9afe89e8b2c2705c33a8","commitIdent":"Arie van Deursen","commitMessage":"Disable e2e tests from checker framework.\n","commitDate":"2017-04-22 18:29:28","lastCommitId":"0fa1f53e9f8f31d58c6fc111c5ebba620a723cc2","mergeBranchCommitId":null}
{"commitId":"50ba49f9e052e6167a1d72f7daf1356ec8c7deb4","commitIdent":"Arie van Deursen","commitMessage":"Suppress warnings for test utilities.\n","commitDate":"2017-04-22 18:16:57","lastCommitId":"35bf32dba09c0f1da7f60169c897d69b8fbc9b40","mergeBranchCommitId":null}
{"commitId":"35bf32dba09c0f1da7f60169c897d69b8fbc9b40","commitIdent":"Arie van Deursen","commitMessage":"Revert \"Disable checks for JUnit test cases.\"\n\nThis reverts commit f7aaf4cf4fe174f633c67f252307cff25a2380b7.\n","commitDate":"2017-04-22 18:06:52","lastCommitId":"da3909961f50365eb49d18f1cdd979994a282789","mergeBranchCommitId":null}
{"commitId":"da3909961f50365eb49d18f1cdd979994a282789","commitIdent":"Arie van Deursen","commitMessage":"Revert \"Put warning suppression in a smaller scope\"\n\nThis reverts commit afc2c2dcca3bae39587967fb88e7981d71b6d3dc.\n","commitDate":"2017-04-22 18:06:52","lastCommitId":"dcffdf3b65b39eee6f5c2560f0ab06512f290f4c","mergeBranchCommitId":null}
{"commitId":"dcffdf3b65b39eee6f5c2560f0ab06512f290f4c","commitIdent":"Arie van Deursen","commitMessage":"Disable CheckerFramework on test classes.\n\nKey reasons:\n- Checkerframework's logic doesn't work with JUnit's before methods\n- Null pointer exceptions in Tests indicate error just as well.\n","commitDate":"2017-04-22 18:06:52","lastCommitId":"a365e36b2af40e396b22f519a9ad322077f2a2c8","mergeBranchCommitId":null}
{"commitId":"568eb31487f706b02c8a3e03148b1f8b2a5b7253","commitIdent":"Arie van Deursen","commitMessage":"Avoid using static game variable.\n","commitDate":"2017-04-22 16:59:21","lastCommitId":"91709e88cd0dad3610c0a1ec1e3a1d4966fa2928","mergeBranchCommitId":null}
{"commitId":"91709e88cd0dad3610c0a1ec1e3a1d4966fa2928","commitIdent":"Arie van Deursen","commitMessage":"Move startup feature to folder unique to framework.\n","commitDate":"2017-04-22 16:59:21","lastCommitId":"1fd10db14ec40b6ac432f04dc613cf70e60d8bfe","mergeBranchCommitId":null}
{"commitId":"1fd10db14ec40b6ac432f04dc613cf70e60d8bfe","commitIdent":"Arie van Deursen","commitMessage":"Use story IDs as tags and repackage to create glue.\n\nTag user story with IDs such as S1, S1.1\n\nRename cucumber package to make it easier to refer to it as glue.\n\nSpecify glue parameter in Cucumber tests.\n\nProvide framework tag to the after step.\n","commitDate":"2017-04-22 16:59:21","lastCommitId":"a365e36b2af40e396b22f519a9ad322077f2a2c8","mergeBranchCommitId":null}
{"commitId":"afc2c2dcca3bae39587967fb88e7981d71b6d3dc","commitIdent":"Michael Ernst","commitMessage":"Put warning suppression in a smaller scope\n","commitDate":"2017-04-22 03:01:09","lastCommitId":"dbc23c48aff219f98265b7ab3a96bc1352356787","mergeBranchCommitId":null}
{"commitId":"dbc23c48aff219f98265b7ab3a96bc1352356787","commitIdent":"Michael Ernst","commitMessage":"Explain warning suppression more specifically\n","commitDate":"2017-04-22 03:00:51","lastCommitId":"6e80e3ed6a3be75da99789e67d1e003f968dd27e","mergeBranchCommitId":null}
{"commitId":"6e80e3ed6a3be75da99789e67d1e003f968dd27e","commitIdent":"Michael Ernst","commitMessage":"Move more type annotations to be on types\n","commitDate":"2017-04-22 02:46:09","lastCommitId":"9e1ec658e4026c5261eacff37e1594b44bc2f221","mergeBranchCommitId":null}
{"commitId":"9e1ec658e4026c5261eacff37e1594b44bc2f221","commitIdent":"Michael Ernst","commitMessage":"Add annotation, eliminate need for assertion\n","commitDate":"2017-04-22 01:27:16","lastCommitId":"803f301412bfdb7e56fe12f5ac047b0fed0b7761","mergeBranchCommitId":null}
{"commitId":"803f301412bfdb7e56fe12f5ac047b0fed0b7761","commitIdent":"Michael Ernst","commitMessage":"Write type annotations before types, without intervening method modifiers\n","commitDate":"2017-04-22 01:25:27","lastCommitId":"9da1cb15b7c90973217fd2a46b7bf2ceba023b83","mergeBranchCommitId":null}
{"commitId":"9da1cb15b7c90973217fd2a46b7bf2ceba023b83","commitIdent":"Michael Ernst","commitMessage":"Remove an occurrence of @SuppressWarnings(\"initialization\")\n","commitDate":"2017-04-22 01:16:30","lastCommitId":"7e5cf67e8c5a301be6c2110727632557bb624ed8","mergeBranchCommitId":null}
{"commitId":"7e5cf67e8c5a301be6c2110727632557bb624ed8","commitIdent":"Michael Ernst","commitMessage":"Use fewer untrusted assertions for Launcher.game\n","commitDate":"2017-04-22 01:02:02","lastCommitId":"a6cbc3c81f3a4b6c740bffb303095b11c1a2d117","mergeBranchCommitId":null}
{"commitId":"51141303bec659bc1dad157d9901e61b04ab976d","commitIdent":"Moritz Beller","commitMessage":"Add MD Authors file\n","commitDate":"2017-04-21 19:56:32","lastCommitId":"a6cbc3c81f3a4b6c740bffb303095b11c1a2d117","mergeBranchCommitId":null}
{"commitId":"df121c8e6b576399933328eaaefaf733846233e2","commitIdent":"Arie van Deursen","commitMessage":"Clean up versions needed by checkerframework.\n","commitDate":"2017-04-17 23:18:15","lastCommitId":"af89754694c6d22c6637895e06d2ac8b4616eb50","mergeBranchCommitId":null}
{"commitId":"10280941d08414307575a9e7829cb8d6a2246fe5","commitIdent":"Arie van Deursen","commitMessage":"Fix pom so that JUnit5 M4 works with IntelliJ.\n\nFix by @LiamClark, based on\n https://youtrack.jetbrains.com/issue/IDEA-170817#comment=27-2081808\n\nThe latest version of intelij did fix some junit 5 interaction.\nAlthough it doesn't package the correct dependencies itself yet,\nwe can override them. We supply m4 versions of the platform and vintage.\n\nThis makes intelij call into the correct code and everything works again.\n\nFix can probably reverted once IntelliJ offers long term solution.\n","commitDate":"2017-04-17 20:33:00","lastCommitId":"3b2cd9878b44002fa63afa49f539f95aa7849558","mergeBranchCommitId":null}
{"commitId":"08094ddd8b347fbbf02efa70ff395def6d675367","commitIdent":"Arie van Deursen","commitMessage":"Fix open checkstyle issues.\n\nAccidentally introduced while working on the null checks.\n","commitDate":"2017-04-13 23:33:43","lastCommitId":"f7aaf4cf4fe174f633c67f252307cff25a2380b7","mergeBranchCommitId":null}
{"commitId":"f7aaf4cf4fe174f633c67f252307cff25a2380b7","commitIdent":"Arie van Deursen","commitMessage":"Disable checks for JUnit test cases.\n\nInitialization done in setup methods, not covered by\nchecker framework.\n\nSome null results are known not to occur in the test case,\nso warnings can be ignored.\n","commitDate":"2017-04-12 02:52:08","lastCommitId":"76b54a3bacc83ff0b991d9272d601299a5a3e3f3","mergeBranchCommitId":null}
{"commitId":"76b54a3bacc83ff0b991d9272d601299a5a3e3f3","commitIdent":"Arie van Deursen","commitMessage":"Strengthen asserts to help the checker framework.\n","commitDate":"2017-04-12 02:52:07","lastCommitId":"362842c59a5ed0eeaf5d70a8fa8e093cea040084","mergeBranchCommitId":null}
{"commitId":"362842c59a5ed0eeaf5d70a8fa8e093cea040084","commitIdent":"Arie van Deursen","commitMessage":"Suppress invariant related warnings\n\nClarify precondition in Javadoc.\n","commitDate":"2017-04-12 02:52:07","lastCommitId":"63037b241a17acce94b59e5d4d68673e6fc014c8","mergeBranchCommitId":null}
{"commitId":"63037b241a17acce94b59e5d4d68673e6fc014c8","commitIdent":"Arie van Deursen","commitMessage":"Check if map resource returned is null.\n","commitDate":"2017-04-12 02:52:07","lastCommitId":"787b4ab7d6dbdabb8d51e720ec90c2a82c024759","mergeBranchCommitId":null}
{"commitId":"787b4ab7d6dbdabb8d51e720ec90c2a82c024759","commitIdent":"Arie van Deursen","commitMessage":"Make nextMove consistently Nullable.\n","commitDate":"2017-04-12 02:52:07","lastCommitId":"722a0381b258981cb40c308c810d16d6d4c6d844","mergeBranchCommitId":null}
{"commitId":"722a0381b258981cb40c308c810d16d6d4c6d844","commitIdent":"Arie van Deursen","commitMessage":"Ignore initialization warnings in invariants.\n","commitDate":"2017-04-12 02:52:07","lastCommitId":"ec05a846704100f81d48f5394996d5a6021de3c5","mergeBranchCommitId":null}
{"commitId":"ec05a846704100f81d48f5394996d5a6021de3c5","commitIdent":"Arie van Deursen","commitMessage":"Ignore initialization warnings for Swing objects.\n","commitDate":"2017-04-12 02:52:07","lastCommitId":"9b31ed2047486b77ddb9460fbcc65db3be48a534","mergeBranchCommitId":null}
{"commitId":"9b31ed2047486b77ddb9460fbcc65db3be48a534","commitIdent":"Arie van Deursen","commitMessage":"Clean up null handling in launcher.\n\nAll access to game via getGame().\n\ngetGame() has intialization as precondition, so never returns null.\n\nMade game and pacmanUI fields MonotonicNonNull, since they are\ninitalized once and then never become null again.\n","commitDate":"2017-04-12 02:52:07","lastCommitId":"fc2d4d9e2c560a1cc369ee569fa10a25e556d9f1","mergeBranchCommitId":null}
{"commitId":"fc2d4d9e2c560a1cc369ee569fa10a25e556d9f1","commitIdent":"Arie van Deursen","commitMessage":"Adopt null checks from checker framework.\n\nAdd plugin dependency to pom file.\n\nProvide Nullable annotation where relevant.\n\nMake Unit.getSquare NonNull, offering hasSquare() as precondition.\n","commitDate":"2017-04-12 02:51:54","lastCommitId":"3b2cd9878b44002fa63afa49f539f95aa7849558","mergeBranchCommitId":null}
{"commitId":"43aac19db93e73646297dde14dbc2c3d7f167e9e","commitIdent":"Arie van Deursen","commitMessage":"Bump version to 6.5.0\n","commitDate":"2017-04-12 02:34:17","lastCommitId":"c3ee52ef29191c78bba64845e7293589815d2e07","mergeBranchCommitId":null}
{"commitId":"79ca5d52f47cfb1e298bbd46245b35a79980b441","commitIdent":"Arie van Deursen","commitMessage":"Make tests/classes package visible instead of public.\n","commitDate":"2017-04-09 04:37:26","lastCommitId":"86291bf40b0f3e5d28184c821c05cb056d8bcb88","mergeBranchCommitId":null}
{"commitId":"86291bf40b0f3e5d28184c821c05cb056d8bcb88","commitIdent":"Arie van Deursen","commitMessage":"Get full stack traces in Surefire.\n","commitDate":"2017-04-09 04:28:22","lastCommitId":"c5b03c21be1ada6f76237e872e4de4bf58278336","mergeBranchCommitId":null}
{"commitId":"c3ee52ef29191c78bba64845e7293589815d2e07","commitIdent":"Lotte Steenbrink","commitMessage":"Fix tiny typo in story 2 (#100)\n\n","commitDate":"2017-04-09 00:45:36","lastCommitId":"ffbbaf7689d0eb1050f2558dfa398511069a0148","mergeBranchCommitId":null}
{"commitId":"c5b03c21be1ada6f76237e872e4de4bf58278336","commitIdent":"Arie van Deursen","commitMessage":"Simplify world-is-round test.\n\nAs suggested by @liamclark.\n","commitDate":"2017-04-06 20:39:05","lastCommitId":"57a3531c0914487fe4370486c0abff1c65feeaca","mergeBranchCommitId":null}
{"commitId":"57a3531c0914487fe4370486c0abff1c65feeaca","commitIdent":"Arie van Deursen","commitMessage":"Update JUnit 5: M3 -> M4.\n","commitDate":"2017-04-02 16:51:49","lastCommitId":"09c731676c489f26fe8deccfdcf4c232d81f3d16","mergeBranchCommitId":null}
{"commitId":"09c731676c489f26fe8deccfdcf4c232d81f3d16","commitIdent":"Arie van Deursen","commitMessage":"Drop Cobertura in favor of jacoco.\n\nNot needed to have both, and Cobertura gives error on lambda's.\n","commitDate":"2017-03-27 02:14:03","lastCommitId":"3cf5a13d6d74e7fbe117aa872e3ebb5edeb4e6ec","mergeBranchCommitId":null}
{"commitId":"3cf5a13d6d74e7fbe117aa872e3ebb5edeb4e6ec","commitIdent":"Arie van Deursen","commitMessage":"Adopt AssertJ for null check.\n","commitDate":"2017-03-27 01:25:04","lastCommitId":"5aea7daa6f48f604500c2710de1d58b573ec78b8","mergeBranchCommitId":null}
{"commitId":"5aea7daa6f48f604500c2710de1d58b573ec78b8","commitIdent":"Arie van Deursen","commitMessage":"Adopt JUnit5 for SpriteTest\n\nAlso illustrates use of AssertJ's exception testing.\n","commitDate":"2017-03-26 21:40:04","lastCommitId":"d1ebd4121ff7a6632a5a0e2599f25cbef88bf110","mergeBranchCommitId":null}
{"commitId":"d1ebd4121ff7a6632a5a0e2599f25cbef88bf110","commitIdent":"Arie van Deursen","commitMessage":"Update dependencies, bump to 6.5.0-SNAPSHOT.\n","commitDate":"2017-03-23 15:20:55","lastCommitId":"2dd485d1f5a932bf5c2b3560bfc81470d060140c","mergeBranchCommitId":null}
{"commitId":"2dd485d1f5a932bf5c2b3560bfc81470d060140c","commitIdent":"Arie van Deursen","commitMessage":"Adopt JUnit5 and AssertJ in Smoke Test.\n","commitDate":"2016-12-29 20:44:22","lastCommitId":"859a083edba9f036ab21b7a560d4dbb258d7642c","mergeBranchCommitId":null}
{"commitId":"859a083edba9f036ab21b7a560d4dbb258d7642c","commitIdent":"Arie van Deursen","commitMessage":"Adopt JUnit5 and AssertJ to LevelTest\n","commitDate":"2016-12-29 20:29:27","lastCommitId":"a818845f85fd8c38dc4d119789519cc242e7ea1e","mergeBranchCommitId":null}
{"commitId":"a818845f85fd8c38dc4d119789519cc242e7ea1e","commitIdent":"Arie van Deursen","commitMessage":"Adopt JUnit 5 for NavigationTests.\n\nAnd switch to AssertJ for most assertions.\n","commitDate":"2016-12-25 23:16:42","lastCommitId":"f3f34e0ed7d18ad1df58587bea3c7e24ce43738b","mergeBranchCommitId":null}
{"commitId":"f3f34e0ed7d18ad1df58587bea3c7e24ce43738b","commitIdent":"Arie van Deursen","commitMessage":"Adopt JUnit5 on BoardFactoryTest.\n","commitDate":"2016-12-25 23:16:28","lastCommitId":"af301553d30a31828a7955e29b921ee4b48ba4b3","mergeBranchCommitId":null}
{"commitId":"af301553d30a31828a7955e29b921ee4b48ba4b3","commitIdent":"Arie van Deursen","commitMessage":"Adopt JUnit5 DynamicTests to test getting squares from board.\n","commitDate":"2016-12-14 22:34:57","lastCommitId":"0f0af0de746b8a3b20df138dd2d619a5928bf281","mergeBranchCommitId":null}
{"commitId":"0f0af0de746b8a3b20df138dd2d619a5928bf281","commitIdent":"Arie van Deursen","commitMessage":"Adopt JUnit5 in OccupantTest.\n","commitDate":"2016-12-13 02:46:56","lastCommitId":"052614e3bbbcb084ceecea365c40718f7ccbced1","mergeBranchCommitId":null}
{"commitId":"052614e3bbbcb084ceecea365c40718f7ccbced1","commitIdent":"Arie van Deursen","commitMessage":"Adopt JUnit 5 for SquareTest\n","commitDate":"2016-12-12 03:32:40","lastCommitId":"f1fbd2872394d3f4296f008270582cf48674b35b","mergeBranchCommitId":null}
{"commitId":"f1fbd2872394d3f4296f008270582cf48674b35b","commitIdent":"Arie van Deursen","commitMessage":"Use AssertJ for assertions on list.\n","commitDate":"2016-12-11 23:25:25","lastCommitId":"a341780476f3d48dbf8ce753273a1327b712cc3d","mergeBranchCommitId":null}
{"commitId":"a341780476f3d48dbf8ce753273a1327b712cc3d","commitIdent":"Arie van Deursen","commitMessage":"Update project dependencies to latest versions.\n","commitDate":"2016-12-11 18:33:26","lastCommitId":"ffbbaf7689d0eb1050f2558dfa398511069a0148","mergeBranchCommitId":null}
{"commitId":"437f42d555a77a49a5d118bf4c269cce6777f771","commitIdent":"Miguel Mendes","commitMessage":"addSinglePlayerKeys small refactoring\n","commitDate":"2016-07-17 22:36:46","lastCommitId":"2c6863f6333ee8374af43def6043af4f86967236","mergeBranchCommitId":null}
{"commitId":"2cde418c54755d92530df79495ed5c1b6d5a25ed","commitIdent":"Tim van der Lippe","commitMessage":"Fix reference error in scenarios","commitDate":"2016-05-04 21:35:22","lastCommitId":"2c6863f6333ee8374af43def6043af4f86967236","mergeBranchCommitId":null}
{"commitId":"d46d8cb5381c7a14dea237f364a9a70bdc7ad0e7","commitIdent":"Tim van der Lippe","commitMessage":"Drop Hamcrest in favor of AssertJ\n","commitDate":"2016-04-23 22:57:38","lastCommitId":"2c6863f6333ee8374af43def6043af4f86967236","mergeBranchCommitId":null}
{"commitId":"7f6ab45bae7d4ec2c4d49f764b04bcaf060196a6","commitIdent":"Tim van der Lippe","commitMessage":"Fix issues reported by intellij inspect code\n","commitDate":"2016-04-23 21:55:08","lastCommitId":"50420ef05da5d9853d0965779c395380f6eed19d","mergeBranchCommitId":null}
{"commitId":"b114c7234c2214f0c0bec1815bb473f97aaf78fa","commitIdent":"Tim van der Lippe","commitMessage":"Fix Javadoc of ParameterizedAssignment\n","commitDate":"2016-04-23 20:47:45","lastCommitId":"a4b97d8d2c96406a7dec082303421b0d04eee1da","mergeBranchCommitId":null}
{"commitId":"9f427ab75388c5d6fafd2d69de3e40868db680fe","commitIdent":"Tim van der Lippe","commitMessage":"Fix findbugs warnings\n","commitDate":"2016-04-23 20:37:12","lastCommitId":"a4b97d8d2c96406a7dec082303421b0d04eee1da","mergeBranchCommitId":null}
{"commitId":"0b4cea20e9ed134d5ba07beebd242f4b30a217ca","commitIdent":"Tim van der Lippe","commitMessage":"Bump cucumber to fix issue with file path containing spaces\n","commitDate":"2016-04-20 22:58:35","lastCommitId":"b3c906490290508c8c8d59c138085d01edb0e76e","mergeBranchCommitId":null}
{"commitId":"9a511a2b782fd4e2311d9887f18b33eb85306a4d","commitIdent":"Tim van der Lippe","commitMessage":"Fix duplication in ghost interval calculation\n","commitDate":"2016-04-20 22:48:41","lastCommitId":"b3c906490290508c8c8d59c138085d01edb0e76e","mergeBranchCommitId":null}
{"commitId":"deb3004d702bcf89a2d2fe466065f571edb0313c","commitIdent":"Tim van der Lippe","commitMessage":"Suppress non-useful PMD warnings\n","commitDate":"2016-04-20 22:13:01","lastCommitId":"b3c906490290508c8c8d59c138085d01edb0e76e","mergeBranchCommitId":null}
{"commitId":"bfa3b069c6fa5e219f4338fa74ffce9889577164","commitIdent":"LiamClark","commitMessage":"added an example for th estudents in the javadoc of the ParameterizedAssignment for grading\n","commitDate":"2016-04-19 20:32:48","lastCommitId":"84be68a2f5c4aaf3614e5dbcd2fb31add63642c1","mergeBranchCommitId":null}
{"commitId":"2cd6f6f1e769201ffce264df5d45f238f77295af","commitIdent":"Arie van Deursen","commitMessage":"Bumped to 6.4.0\n","commitDate":"2016-04-19 03:48:43","lastCommitId":"2aca59b01d502ad22521dbae9b9900aeab016982","mergeBranchCommitId":null}
{"commitId":"2aca59b01d502ad22521dbae9b9900aeab016982","commitIdent":"Arie van Deursen","commitMessage":"Added U Mons as user.\n","commitDate":"2016-04-19 03:46:53","lastCommitId":"3a5b891976e996d4766412fdaf1876660230ba04","mergeBranchCommitId":null}
{"commitId":"3a5b891976e996d4766412fdaf1876660230ba04","commitIdent":"Arie van Deursen","commitMessage":"Added pmd rule for catch in tests.\n\nSee also https://github.com/SERG-Delft/jpacman-template/pull/19\n","commitDate":"2016-04-19 03:44:55","lastCommitId":"e888dd687a61a7064f4a728fe699ed4ec4bb98b0","mergeBranchCommitId":null}
{"commitId":"4ec7f0aefe5fe65cc7418cb036f2ff9611579975","commitIdent":"Arie van Deursen","commitMessage":"Made the map used configurable to ease testing.\n","commitDate":"2016-04-19 02:54:29","lastCommitId":"29c80ef270374ee68ecf63be03f89ec605b26eb2","mergeBranchCommitId":null}
{"commitId":"29c80ef270374ee68ecf63be03f89ec605b26eb2","commitIdent":"Arie van Deursen","commitMessage":"Swapped scenarios 3 and 4.\n\nSince this groups the two hardest scenarios, new 4 and 5, together.\n","commitDate":"2016-04-18 21:38:05","lastCommitId":"7404d222486fd29dbbccf17aa0a96ed60c888056","mergeBranchCommitId":null}
{"commitId":"7404d222486fd29dbbccf17aa0a96ed60c888056","commitIdent":"Arie van Deursen","commitMessage":"Fixed reference to obsolete Stepdef class.\n\n(Note that step definitions can be in multiple classes,\nand need not be in a single one).\n","commitDate":"2016-04-18 18:42:20","lastCommitId":"c3f6e1d5cfab3163c005fc20e9f7ecf12e980deb","mergeBranchCommitId":null}
{"commitId":"c3f6e1d5cfab3163c005fc20e9f7ecf12e980deb","commitIdent":"Arie van Deursen","commitMessage":"Added a simple Cucumber test.\n\nThis simple implementation of user story 1 provides an example of how\nto implement Cucumber tests for the various stories and scenarios in\ndoc/scenarios.md.\n","commitDate":"2016-04-18 18:01:20","lastCommitId":"ad282268d0344fd94fa364fd94de64f38106951b","mergeBranchCommitId":null}
{"commitId":"a83094d74a16fe8b1a8da8fde165437273113c86","commitIdent":"Arie van Deursen","commitMessage":"Site report groups static analyses together.\n","commitDate":"2016-04-17 19:53:27","lastCommitId":"edc3934fb0bbad1f9c88ef0958d864262430d03a","mergeBranchCommitId":null}
{"commitId":"edc3934fb0bbad1f9c88ef0958d864262430d03a","commitIdent":"Arie van Deursen","commitMessage":"Added Jacoco to site report.\n","commitDate":"2016-04-17 19:48:31","lastCommitId":"653561dce5d9b91c21b34ef80ca47e019b6d98e0","mergeBranchCommitId":null}
{"commitId":"653561dce5d9b91c21b34ef80ca47e019b6d98e0","commitIdent":"Arie van Deursen","commitMessage":"Reorganized pom.xml for easier syncing with template.\n\nUpdated mockito dependency.\n","commitDate":"2016-04-17 18:41:28","lastCommitId":"aaf5b2bab73a8e3b58088fb38b9d0430f6c4bcbc","mergeBranchCommitId":null}
{"commitId":"96eec20b76582a924ce58ef7d54617510eb2666d","commitIdent":"Arie van Deursen","commitMessage":"Fixed design problems found by PMD.\n","commitDate":"2016-04-11 03:43:57","lastCommitId":"0256ae713a1b4f10f786bc6260969ed297b5d06e","mergeBranchCommitId":null}
{"commitId":"0256ae713a1b4f10f786bc6260969ed297b5d06e","commitIdent":"Arie van Deursen","commitMessage":"Fixed open checkstyle warnings.\n","commitDate":"2016-04-11 00:03:43","lastCommitId":"063093620da3980934b43ae62cfe9665a8e453ea","mergeBranchCommitId":null}
{"commitId":"dc4606947738ad3c141d16fe94afc6a7ef308147","commitIdent":"Arie van Deursen","commitMessage":"Added jacoco configuration for coverage checking.\n\nJacoco report generated using  'mvn verify'.\n","commitDate":"2016-04-10 05:06:50","lastCommitId":"6d087d6c15caccc7ba77c31ef867da2d30e3d5b2","mergeBranchCommitId":null}
{"commitId":"6d087d6c15caccc7ba77c31ef867da2d30e3d5b2","commitIdent":"Arie van Deursen","commitMessage":"Updated maven plugins to latest versions.\n","commitDate":"2016-04-10 03:59:14","lastCommitId":"0fc2154b7b797d13061587e9eb5a6e5999e49a30","mergeBranchCommitId":null}
{"commitId":"0fc2154b7b797d13061587e9eb5a6e5999e49a30","commitIdent":"Arie van Deursen","commitMessage":"Updated dependencies to latest versions.\n","commitDate":"2016-04-09 23:24:42","lastCommitId":"bc3004c0b0e311f4f81580700c64de43d9f94532","mergeBranchCommitId":null}
{"commitId":"4dbac6dbdf72fba6de4b3ef958f614146851a10c","commitIdent":"Adrien Coppens","commitMessage":"Removed dependency-reduced-pom.xml and prevented shade from creating it\n","commitDate":"2016-04-09 17:31:02","lastCommitId":"d5eafea4f966680ef75613532214c6506264a808","mergeBranchCommitId":null}
{"commitId":"bc3004c0b0e311f4f81580700c64de43d9f94532","commitIdent":"Arie van Deursen","commitMessage":"Added separate surefire configuration.\n","commitDate":"2016-04-09 15:52:19","lastCommitId":"08917590fb18fab22643bc70d827b248c8211b3c","mergeBranchCommitId":null}
{"commitId":"08917590fb18fab22643bc70d827b248c8211b3c","commitIdent":"Arie van Deursen","commitMessage":"Simplified observers by turning them into a Set rather than List.\n","commitDate":"2016-04-09 15:48:50","lastCommitId":"d38d074d5309bea357630d06ffb448a31cfb2b31","mergeBranchCommitId":null}
{"commitId":"d38d074d5309bea357630d06ffb448a31cfb2b31","commitIdent":"Arie van Deursen","commitMessage":"Added positivity test to nr of pellets.\n","commitDate":"2016-04-09 15:43:49","lastCommitId":"dbf1067ce3a357b80a6f202eb79be6a01db49ad4","mergeBranchCommitId":null}
{"commitId":"dbf1067ce3a357b80a6f202eb79be6a01db49ad4","commitIdent":"Arie van Deursen","commitMessage":"Added non-null assertions to sprite handling.\n","commitDate":"2016-04-09 15:42:01","lastCommitId":"6a6e8742874d930dfb606fcd3ac7efd374ffc76f","mergeBranchCommitId":null}
{"commitId":"6a6e8742874d930dfb606fcd3ac7efd374ffc76f","commitIdent":"Arie van Deursen","commitMessage":"Removed exception constructor without message.\n","commitDate":"2016-04-09 15:35:33","lastCommitId":"e5bb91eda171b7323dc2bedd4ecedfdfe4f10604","mergeBranchCommitId":null}
{"commitId":"e5bb91eda171b7323dc2bedd4ecedfdfe4f10604","commitIdent":"Arie van Deursen","commitMessage":"Removed unused move methods.\n","commitDate":"2016-04-09 15:29:08","lastCommitId":"343370af437776b5d11a048db657f316cdad83a5","mergeBranchCommitId":null}
{"commitId":"343370af437776b5d11a048db657f316cdad83a5","commitIdent":"Arie van Deursen","commitMessage":"Simplified occupying a board.\n\nThe occupy method has a stronger precondition,\nallowing a simpler implementation.\n","commitDate":"2016-04-09 15:24:57","lastCommitId":"6470f32f6659e305df8e1ad6d574f6508d75b8ad","mergeBranchCommitId":null}
{"commitId":"6470f32f6659e305df8e1ad6d574f6508d75b8ad","commitIdent":"Arie van Deursen","commitMessage":"Added hamcrest library as dependency in test scope.\n","commitDate":"2016-04-09 15:24:37","lastCommitId":"aee81a78b439be7ab5aca126509335bc58a27913","mergeBranchCommitId":null}
{"commitId":"d5eafea4f966680ef75613532214c6506264a808","commitIdent":"Adrien Coppens","commitMessage":"Placed JUnit & Mockito into the test scope to avoid \"shading\" them into the game's jar file\n","commitDate":"2016-04-08 18:36:23","lastCommitId":"ed9c6f9d9fd60de64a6e0ef55765e6281271b2b1","mergeBranchCommitId":null}
{"commitId":"ed9c6f9d9fd60de64a6e0ef55765e6281271b2b1","commitIdent":"Adrien Coppens","commitMessage":"Added \"shade\" plugin to include external dependencies into the jar generated by \"mvn package\"\n","commitDate":"2016-04-08 18:21:22","lastCommitId":"d661652202b1b23dc2b4d9a7f6441367ddbb5bbe","mergeBranchCommitId":null}
{"commitId":"ac7b8059310a4fb7e6735d6b70c739d8deea47cb","commitIdent":"LiamClark","commitMessage":"updated the package declaration\n","commitDate":"2016-01-10 04:47:15","lastCommitId":"c1206257e97c2f5d6458a910fae40107935f2b50","mergeBranchCommitId":null}
{"commitId":"c1206257e97c2f5d6458a910fae40107935f2b50","commitIdent":"LiamClark","commitMessage":"added the ParameterizedAssignment annotation\n","commitDate":"2016-01-10 04:41:39","lastCommitId":"d661652202b1b23dc2b4d9a7f6441367ddbb5bbe","mergeBranchCommitId":null}
{"commitId":"e372cd77ca2e7e412921f12e4f1513b9ce0d1016","commitIdent":"Aaron Ang","commitMessage":"Fixed typo in user story 4\n","commitDate":"2015-06-18 19:25:16","lastCommitId":"329f2d99132bdb73864636421a61f3b214cad9de","mergeBranchCommitId":null}
{"commitId":"33207397f816f9a8eef32ba8ffd6cb08c6fed6d3","commitIdent":"Lars Stegman","commitMessage":"Enable Player subclassing.\n\nWe want to be able to extend the Player class so that we are able to add properties to Players.\n","commitDate":"2015-06-17 20:54:12","lastCommitId":"329f2d99132bdb73864636421a61f3b214cad9de","mergeBranchCommitId":null}
{"commitId":"c4b2af798153ad6a423a41b92a38c036a8195676","commitIdent":"Arie van Deursen","commitMessage":"Bumping to version 6.3.0\n","commitDate":"2015-06-13 01:12:11","lastCommitId":"8e477c600abd4d9c8536b3d719fb5498a5e67b4d","mergeBranchCommitId":null}
{"commitId":"d2ccb89559a5c39d07cb5c4b616501af2d73933b","commitIdent":"Arie van Deursen","commitMessage":"Opening up the score panel for extension.\n\nThis permits extensions to configure the way the score\nis presented, and to include additional data in the score.\n","commitDate":"2015-06-08 14:25:48","lastCommitId":"5613f44e35fc64f1bad4fcaa453e055f0b223fc5","mergeBranchCommitId":null}
{"commitId":"5613f44e35fc64f1bad4fcaa453e055f0b223fc5","commitIdent":"Arie van Deursen","commitMessage":"Bumping to 6.3.0-SNAPSHOT.\n","commitDate":"2015-06-08 14:25:48","lastCommitId":"cfc3617344fded3adc64a0fa2b12e392553150cd","mergeBranchCommitId":null}
{"commitId":"cfc3617344fded3adc64a0fa2b12e392553150cd","commitIdent":"Arie van Deursen","commitMessage":"Suppressed warnings about duplicate strings in map testing.\n","commitDate":"2015-06-08 14:25:48","lastCommitId":"e4c734466053cef990eafd934199af4e1c101960","mergeBranchCommitId":null}
{"commitId":"e4c734466053cef990eafd934199af4e1c101960","commitIdent":"Arie van Deursen","commitMessage":"Suppress no assert violations for mock tests.\n\nSince such tests use the verify methods instead.\n","commitDate":"2015-06-08 14:25:47","lastCommitId":"280ecbdc8bd9678f4c1b2db87f2ffcbdd8e82557","mergeBranchCommitId":null}
{"commitId":"280ecbdc8bd9678f4c1b2db87f2ffcbdd8e82557","commitIdent":"Arie van Deursen","commitMessage":"Renamed setup to setUp to be consistent with PMD.\n\n(Strictly speaking the rule seems somewhat obsolete in light of\nthe Before annotation).\n","commitDate":"2015-06-08 14:25:47","lastCommitId":"2ba991f7c0af2fe0568862fd3dd86422cecee94c","mergeBranchCommitId":null}
{"commitId":"2ba991f7c0af2fe0568862fd3dd86422cecee94c","commitIdent":"Arie van Deursen","commitMessage":"Refined pmd rules for annotations, asserts, and static imports\n\nIncreased number of asserts allowed as end to end tests\ntend to have more assertions\n\nIncreased number of static imports permitted, since\nmockito (and hamcrest) widely use them.\n\nPermit repetition of string literals in annotations.\n","commitDate":"2015-06-08 14:25:41","lastCommitId":"20b35266a2664888bbab087545efec5814c2ee69","mergeBranchCommitId":null}
{"commitId":"20b35266a2664888bbab087545efec5814c2ee69","commitIdent":"Arie van Deursen","commitMessage":"Enabled PMD + FindBugs checking.\n","commitDate":"2015-05-30 21:53:34","lastCommitId":"36e76cc25dd3c1b7ce289a5f5297f57e889a4822","mergeBranchCommitId":null}
{"commitId":"f5dba1fdca749b65dccb068d3147af10b819174d","commitIdent":"Maarten Sijm","commitMessage":"Added symmetry to PlayerCollisions.\n\nElse, with exercise 13, it becomes impossible to make one test suite\nfor both PlayerCollisions and DefaultPlayerInteractionMap.\nIf a Pellet would collide with the Player, the Pellet should also be\nremoved and points should be added. InteractionMap is symmetric\nand was able to handle this, but PlayerCollisions was not.\n","commitDate":"2015-05-13 19:06:40","lastCommitId":"1606a47ce81824d1521daefb737c64b1d23ed0a6","mergeBranchCommitId":null}
{"commitId":"5dc73216c23a4f51ae89b4045b0e2f5525fd10b7","commitIdent":"Arie van Deursen","commitMessage":"Suppress long method checkstyle warning for smoke test.\n","commitDate":"2015-05-13 02:46:31","lastCommitId":"6c1deba8c0e1bff92af26b3f21e5078d85eba41a","mergeBranchCommitId":null}
{"commitId":"6c1deba8c0e1bff92af26b3f21e5078d85eba41a","commitIdent":"Arie van Deursen","commitMessage":"Suppress magic number warnings in tests.\n\nCheckstyle warns about magic numbers,\nbut in these tests it is clearer to use magic numbers\nthan artificial constants.\n","commitDate":"2015-05-13 02:44:47","lastCommitId":"c12dfe8356247ed2dfa1843c96e39841c126de9f","mergeBranchCommitId":null}
{"commitId":"c12dfe8356247ed2dfa1843c96e39841c126de9f","commitIdent":"Arie van Deursen","commitMessage":"Enable check style warning suppression\n\nAllow the use of the @SuppressWarnings annotations in Checkstyle.\n\nSee\nhttp://stackoverflow.com/questions/4023185/how-to-disable-a-particular-c\nheckstyle-rule-for-a-particular-line-of-code/22556386#22556386\n","commitDate":"2015-05-13 02:42:31","lastCommitId":"c4d152defd3cdb97c2733c9e362b6cba66802c40","mergeBranchCommitId":null}
{"commitId":"08ed8fec6d99bc08c313e48926d273ca314acf89","commitIdent":"Tim van der Lippe","commitMessage":"Changed all occurences of food to pellet\n\nFixes #46.","commitDate":"2015-05-07 02:15:45","lastCommitId":"c4d152defd3cdb97c2733c9e362b6cba66802c40","mergeBranchCommitId":null}
{"commitId":"7a8c8b13dc29d1592982b75f22a6cefc0844ba8d","commitIdent":"Arie van Deursen","commitMessage":"Reorganized pom specifying src/target jdk as properties\n","commitDate":"2015-04-18 14:42:26","lastCommitId":"68b1c03860ac35d08c2801761d814743312ce242","mergeBranchCommitId":null}
{"commitId":"e14adebcbc6363f46ef5951430b7876f4f3818ff","commitIdent":"Arie van Deursen","commitMessage":"Made arrays local by cloning them first [findbugs]\n","commitDate":"2015-04-16 02:42:55","lastCommitId":"c51175d3a4656e219ef46e3eb0e13ced90bb3cb9","mergeBranchCommitId":null}
{"commitId":"c51175d3a4656e219ef46e3eb0e13ced90bb3cb9","commitIdent":"Arie van Deursen","commitMessage":"Specified character encoding [findbugs]\n","commitDate":"2015-04-16 02:42:35","lastCommitId":"eb45340acb9e89f3030a0a6418b370dabf548bb2","mergeBranchCommitId":null}
{"commitId":"eb45340acb9e89f3030a0a6418b370dabf548bb2","commitIdent":"Arie van Deursen","commitMessage":"Made inner classes static where possible [findbugs]\n","commitDate":"2015-04-16 02:41:47","lastCommitId":"04f41095fef08b84d46cdfd01717b9d0c7e037eb","mergeBranchCommitId":null}
{"commitId":"04f41095fef08b84d46cdfd01717b9d0c7e037eb","commitIdent":"Arie van Deursen","commitMessage":"Fixed potential problem with closing board stream.\n\nFindbugs spotted that resource might not be closed.\nUsed autoclosing instead.\n","commitDate":"2015-04-15 06:25:17","lastCommitId":"750f12a7e080be99bff29bbbf87b57d972dc9023","mergeBranchCommitId":null}
{"commitId":"68b1c03860ac35d08c2801761d814743312ce242","commitIdent":"Arie van Deursen","commitMessage":"Switching back to jdk7\n\nAs not all lab computers are ready for jdk 8...\n","commitDate":"2015-04-15 05:40:12","lastCommitId":"750f12a7e080be99bff29bbbf87b57d972dc9023","mergeBranchCommitId":null}
{"commitId":"d02774078e4af91b82038de1bd3c6a35eed793c8","commitIdent":"Arie van Deursen","commitMessage":"Handled various checkstyle warnings.\n\nRemoved unnecessary imports.\nCleaned up board test.\nAdding missing javadoc\n","commitDate":"2015-04-14 05:42:48","lastCommitId":"4455af739b5fb59af26612a0d8a3267a43c0728f","mergeBranchCommitId":null}
{"commitId":"4455af739b5fb59af26612a0d8a3267a43c0728f","commitIdent":"Arie van Deursen","commitMessage":"Removed obsolete RedundantThrows rule from checkstyle.\n","commitDate":"2015-04-14 04:55:47","lastCommitId":"81280196339f48b3f507fa1e766f2a39bf935e3c","mergeBranchCommitId":null}
{"commitId":"81280196339f48b3f507fa1e766f2a39bf935e3c","commitIdent":"Arie van Deursen","commitMessage":"Updated assembly plugin.\n\nAnd fixed reference to / in output directory.\n\nhttp://stackoverflow.com/questions/28500401/maven-assembly-plugin-warning-the-assembly-descriptor-contains-a-filesystem-roo/28506199#28506199\n","commitDate":"2015-04-14 04:34:56","lastCommitId":"c83c6134f59eb7f59a3a06f056ea6a936976ccca","mergeBranchCommitId":null}
{"commitId":"c83c6134f59eb7f59a3a06f056ea6a936976ccca","commitIdent":"Arie van Deursen","commitMessage":"Updated checkstyle plugin dependency.\n","commitDate":"2015-04-14 04:34:21","lastCommitId":"91ffe53df0122fced47d24a178e5dc14d751fda3","mergeBranchCommitId":null}
{"commitId":"86e6c451c18e3af13709ccc714cb46a193d29ede","commitIdent":"Arie van Deursen","commitMessage":"Moving on to 6.1.1 for testing purposes.\n","commitDate":"2015-04-03 03:56:48","lastCommitId":"d9ef199afe49c5488856c1355cd0fe9f674fa219","mergeBranchCommitId":null}
{"commitId":"d9ef199afe49c5488856c1355cd0fe9f674fa219","commitIdent":"Arie van Deursen","commitMessage":"Ready to release 6.1.0.\n","commitDate":"2015-04-03 03:49:35","lastCommitId":"14ba77bd7fded46bfc778e42226ccc85b0260253","mergeBranchCommitId":null}
{"commitId":"abd110a29e44f5ac1c4254d1e3cee36e42da11db","commitIdent":"Arie van Deursen","commitMessage":"Added shapshotRepository for snapshot deployment.\n","commitDate":"2015-04-03 02:36:13","lastCommitId":"f1f697f123678e8cb85adc597c7e9bc2eef44c5a","mergeBranchCommitId":null}
{"commitId":"493410174d0dab87943ff71319815f9c4f09ebc9","commitIdent":"Michael de Jong","commitMessage":"Added Nexus distribution repository to pom.xml.\n","commitDate":"2015-03-26 03:37:28","lastCommitId":"34d4c7f6992f6ad1039c1b41039f313ae50efe4f","mergeBranchCommitId":null}
{"commitId":"34d4c7f6992f6ad1039c1b41039f313ae50efe4f","commitIdent":"Arie van Deursen","commitMessage":"Added build status image to readme.","commitDate":"2015-03-22 23:44:21","lastCommitId":"c093802cfad630b8def9e17509b1c4767c603edc","mergeBranchCommitId":null}
{"commitId":"db4c90880ef77086f2cf65a07cf32556e68f8f87","commitIdent":"Arie van Deursen","commitMessage":"Switching to java 8.\n\nIn Travis, Java7 is default at the moment, which is why it java 8\nhas to be explicitly configured.\n","commitDate":"2015-03-22 07:01:20","lastCommitId":"cb9d80070a8d9fc167e1f184424ec3fe29e3d115","mergeBranchCommitId":null}
{"commitId":"19d8bd612008282d774736e0d53eb939a644ce49","commitIdent":"Arie van Deursen","commitMessage":"Revert \"Switched to 1.8 as source and target.\"\n\nThis reverts commit 762ea9ad69e7f08c950a468b0cf9122578ad9944.\n","commitDate":"2015-03-22 06:35:08","lastCommitId":"c824b5d0b101e9dd5d5e98ab10e9569a1224a676","mergeBranchCommitId":null}
{"commitId":"c824b5d0b101e9dd5d5e98ab10e9569a1224a676","commitIdent":"Arie van Deursen","commitMessage":"Bumbing to 6.1.0-SNAPSHOT.\n","commitDate":"2015-03-21 19:24:30","lastCommitId":"762ea9ad69e7f08c950a468b0cf9122578ad9944","mergeBranchCommitId":null}
{"commitId":"762ea9ad69e7f08c950a468b0cf9122578ad9944","commitIdent":"Arie van Deursen","commitMessage":"Switched to 1.8 as source and target.\n","commitDate":"2015-03-21 19:24:05","lastCommitId":"3ffe23e1d543e1a9bdd66320bcbee0340579202f","mergeBranchCommitId":null}
{"commitId":"3ffe23e1d543e1a9bdd66320bcbee0340579202f","commitIdent":"Arie van Deursen","commitMessage":"Added license info to pom.xml\n","commitDate":"2015-03-17 06:50:32","lastCommitId":"f248be19c66562e0b6d6a50cf3a1cc1fb47db01f","mergeBranchCommitId":null}
{"commitId":"f248be19c66562e0b6d6a50cf3a1cc1fb47db01f","commitIdent":"Arie van Deursen","commitMessage":"Filled in some of the project information.\n","commitDate":"2015-03-17 06:41:56","lastCommitId":"ce1838716f4693254de8aa8686bc365d93abd884","mergeBranchCommitId":null}
{"commitId":"ce1838716f4693254de8aa8686bc365d93abd884","commitIdent":"Arie van Deursen","commitMessage":"Disabled (failing) javadocs for test code\n\nJavadoc generation for test code was failing.\n\nIt is also questionable that such javadoc is actually useful.\n\nDisabled its generation from mvn site.\n","commitDate":"2015-03-17 06:18:14","lastCommitId":"0a6b503db20f30ca678a11d3c0993194ef6f603a","mergeBranchCommitId":null}
{"commitId":"0a6b503db20f30ca678a11d3c0993194ef6f603a","commitIdent":"Arie van Deursen","commitMessage":"Fixed javadocs and made visibility consistent.\n","commitDate":"2015-03-17 05:20:47","lastCommitId":"3bbee4a2270b94c5006d14c3ae5222333a97f1bf","mergeBranchCommitId":null}
{"commitId":"3bbee4a2270b94c5006d14c3ae5222333a97f1bf","commitIdent":"Arie van Deursen","commitMessage":"Updated dependencies to latest versions.\n","commitDate":"2015-03-17 04:57:43","lastCommitId":"e7e302d27ef3395659e2a9b3151e1ae48f8d3690","mergeBranchCommitId":null}
{"commitId":"e7e302d27ef3395659e2a9b3151e1ae48f8d3690","commitIdent":"Arie van Deursen","commitMessage":"Updated plugins required to latest versions.\n\nConfigured javadoc not to stop on failure,\nin order to let the site generation continue.\n","commitDate":"2015-03-17 04:48:05","lastCommitId":"264a16cc8825b310b7f664b8cfe8b92c6d7e28d5","mergeBranchCommitId":null}
{"commitId":"264a16cc8825b310b7f664b8cfe8b92c6d7e28d5","commitIdent":"Arie van Deursen","commitMessage":"Move mvn site configuration to 'classic' v2/v3 format\n\nFixes 37.\n\nAlso updated cobertura plugin to latest (2.7) version.\n","commitDate":"2015-03-17 04:29:45","lastCommitId":"62e3af4163365c590f018dd2b48225932a709e14","mergeBranchCommitId":null}
{"commitId":"cdcc20b8bd557c00df00e5b12bd601e2bb26530c","commitIdent":"Moritz Beller","commitMessage":"Re-adds FindBugs analysis\n\nNew Maven Findbugs plugin is compatible with Java 8.\n\n(Refs #25)\n","commitDate":"2014-08-16 21:02:44","lastCommitId":"50cc31416a02dad5d8587b5eaef1090aa08ed646","mergeBranchCommitId":null}
{"commitId":"4777c54bb5cdbf4ef648241ff979550c9a681626","commitIdent":"huang-da","commitMessage":"Update visibility of certain methods for compatibility with multiplayer functionality\n","commitDate":"2014-06-24 21:07:13","lastCommitId":"50cc31416a02dad5d8587b5eaef1090aa08ed646","mergeBranchCommitId":null}
{"commitId":"b48f0629f59b70fbda69b679edeabad6e3bcc230","commitIdent":"Arie van Deursen","commitMessage":"Bumping to 6.0.1-SNAPSHOT\n","commitDate":"2014-04-23 22:04:26","lastCommitId":"e6cec5e5ef2436190b6d8f3c470e3bec8fc9b91e","mergeBranchCommitId":null}
{"commitId":"5f132d16d9258026ab1a19a973c23f275c1ad0e9","commitIdent":"Arie van Deursen","commitMessage":"Bumping to v 6.0.0\n","commitDate":"2014-04-22 20:18:00","lastCommitId":"a912ed7fe0fde0406f3d675222baed491d9543b4","mergeBranchCommitId":null}
{"commitId":"79182b8e1790d6e8d1661ffbf5fc1f522dd2fa9b","commitIdent":"Moritz Beller","commitMessage":"With this simple visibility change, we can produce a test that better adheres to the scenario description. (Commit c8a90c85 in jpacman-testing.)\n","commitDate":"2014-04-22 18:27:34","lastCommitId":"f43ab42806f12b5cb5ea1a077732e8afd65d6469","mergeBranchCommitId":null}
{"commitId":"6e09002071bf0eceba71d1f3e30a28d331719995","commitIdent":"Arie van Deursen","commitMessage":"Used dedicated PacmanConfigurationException.\n","commitDate":"2014-04-22 04:39:00","lastCommitId":"99499b78ff6700bd16a6988b1aa7e4424ebeb7bc","mergeBranchCommitId":null}
{"commitId":"99499b78ff6700bd16a6988b1aa7e4424ebeb7bc","commitIdent":"Arie van Deursen","commitMessage":"Throwing PacmanConfigurationException instead of IOException.\n\nSince we assume proper configuration, we the exception\nextends run time exception.\n","commitDate":"2014-04-22 04:34:50","lastCommitId":"f43ab42806f12b5cb5ea1a077732e8afd65d6469","mergeBranchCommitId":null}
{"commitId":"f43ab42806f12b5cb5ea1a077732e8afd65d6469","commitIdent":"Jeroen Roosen","commitMessage":"Added simple class diagrams (UMLet format)\n","commitDate":"2014-04-21 22:14:24","lastCommitId":"f415ecd464fd73a34d5ad8991d85ac47b4f48d04","mergeBranchCommitId":null}
{"commitId":"c57ebff3b2dcd94f11c76aad1ca64e4d464a9860","commitIdent":"Arie van Deursen","commitMessage":"Removed findbugs from site target.\n\ncloses #25\n","commitDate":"2014-04-20 01:57:06","lastCommitId":"9892b607542c0076e3243f894db41c6ebe9cb276","mergeBranchCommitId":null}
{"commitId":"fcdb3a17f32e0305b594fbfeeff2eb0ac2f0ebc8","commitIdent":"Jeroen Roosen","commitMessage":"Removed all logging and logback resources\n","commitDate":"2014-04-17 17:44:24","lastCommitId":"2eb94bfe6d0bd3b3317e37d196ac42332a7ea917","mergeBranchCommitId":null}
{"commitId":"39d9ad99bfd191629fe9121edab6b9fce0d92ffb","commitIdent":"Arie van Deursen","commitMessage":"Fixed javadoc errors\n","commitDate":"2014-04-17 16:20:59","lastCommitId":"f8ec86a96232375efa977d61efaaef5ce0a763f1","mergeBranchCommitId":null}
{"commitId":"64dcf3882ce880253b3eb408872ede53d2b318d7","commitIdent":"Jeroen Roosen","commitMessage":"Flipped some expressions and fixed indentation","commitDate":"2014-04-17 15:40:45","lastCommitId":"5f213f66925c0e1306affe69ab28208ced30979a","mergeBranchCommitId":null}
{"commitId":"5f213f66925c0e1306affe69ab28208ced30979a","commitIdent":"Arie van Deursen","commitMessage":"Added check for \"\" case in map.\n\nAnd moved checks into a separate method.\n","commitDate":"2014-04-16 22:59:19","lastCommitId":"268112208cfea8fd414014fa0642d608392fea46","mergeBranchCommitId":null}
{"commitId":"9330a9055b37ed70388059b81cc4d2c49d0f4c87","commitIdent":"Arie van Deursen","commitMessage":"Note on smoke testing added.\n","commitDate":"2014-04-12 04:46:36","lastCommitId":"f45e5e25da0599d059805a03da096c1070d5e224","mergeBranchCommitId":null}
{"commitId":"f45e5e25da0599d059805a03da096c1070d5e224","commitIdent":"Arie van Deursen","commitMessage":"Standardized formatting of user stories.\n","commitDate":"2014-04-12 04:46:07","lastCommitId":"e19e56c445ed86e5ce173a4e34b88546dc6db474","mergeBranchCommitId":null}
{"commitId":"b33f6dadb0fcfe7dd35d3b55fb9a7325ae750c22","commitIdent":"Arie van Deursen","commitMessage":"Cleaning up some checkstyle issues.\n","commitDate":"2014-04-10 15:19:09","lastCommitId":"769beb0857777fdd37e1a1344eecb0e3d1aef0ee","mergeBranchCommitId":null}
{"commitId":"6ca1fa98744970715277e7f8c441e755c2e20f8c","commitIdent":"Arie van Deursen","commitMessage":"Strengthened invariants.\n","commitDate":"2014-04-10 00:48:37","lastCommitId":"b30ee992a03170a8ec886319bd736a7c02e204a7","mergeBranchCommitId":null}
{"commitId":"4c362e98601314158051cd0a2b73a94dd091d549","commitIdent":"Arie van Deursen","commitMessage":"Creating a test jar\n","commitDate":"2014-04-09 23:50:43","lastCommitId":"d292403ba2358fa4e50db341a729ebcbe7b8e2fa","mergeBranchCommitId":null}
{"commitId":"71152780e2fba8b255015a67e2bd06ee76c8216d","commitIdent":"Arie van Deursen","commitMessage":"Fix to javadoc.\n","commitDate":"2014-04-09 22:40:01","lastCommitId":"a5bccd9b103a91c6066670ac22a8aff316de4486","mergeBranchCommitId":null}
{"commitId":"a5bccd9b103a91c6066670ac22a8aff316de4486","commitIdent":"Arie van Deursen","commitMessage":"Removed non-html-compliant email addresses.\n","commitDate":"2014-04-09 22:35:07","lastCommitId":"b58a7e6ac8b02b9f9489d25d6e0112b2653c7f45","mergeBranchCommitId":null}
{"commitId":"a6bf51561ecf7c3297625528ba9d3005ebb17ca9","commitIdent":"Arie van Deursen","commitMessage":"The assembly needed for the source packaging.\n","commitDate":"2014-04-09 05:53:34","lastCommitId":"bf97c0236dbb2c6fa889006b9d812c4975a52730","mergeBranchCommitId":null}
{"commitId":"bf97c0236dbb2c6fa889006b9d812c4975a52730","commitIdent":"Arie van Deursen","commitMessage":"Configured assembly target to create a zip.\n","commitDate":"2014-04-08 20:18:33","lastCommitId":"55f0faeefb6bdda66decdeb24aed3cad3ecc6b9f","mergeBranchCommitId":null}
{"commitId":"55f0faeefb6bdda66decdeb24aed3cad3ecc6b9f","commitIdent":"Arie van Deursen","commitMessage":"maven-project-info-reports-plugin enabled by default.\n","commitDate":"2014-04-08 04:52:35","lastCommitId":"f32cc3389d6574e1ed17df5bacc1d088321e1296","mergeBranchCommitId":null}
{"commitId":"f32cc3389d6574e1ed17df5bacc1d088321e1296","commitIdent":"Arie van Deursen","commitMessage":"Further updates of plugins.\n","commitDate":"2014-04-08 04:46:00","lastCommitId":"d75dcba448a86cf05b1e0fd666a993a9144b5053","mergeBranchCommitId":null}
{"commitId":"d75dcba448a86cf05b1e0fd666a993a9144b5053","commitIdent":"Arie van Deursen","commitMessage":"Upgraded site, cobertura and checkstyle plugins.\n","commitDate":"2014-04-08 04:33:28","lastCommitId":"b58a7e6ac8b02b9f9489d25d6e0112b2653c7f45","mergeBranchCommitId":null}
{"commitId":"b58a7e6ac8b02b9f9489d25d6e0112b2653c7f45","commitIdent":"Jeroen Roosen","commitMessage":"Added the sites from the old jpacman project\n\nPMD excluded\n","commitDate":"2014-04-07 22:58:55","lastCommitId":"d439ee5385862163ac82a4f42fa9972003cf2421","mergeBranchCommitId":null}
{"commitId":"d439ee5385862163ac82a4f42fa9972003cf2421","commitIdent":"Jeroen Roosen","commitMessage":"Added checkstyle and made the main project comply\n","commitDate":"2014-04-07 22:46:57","lastCommitId":"ca85d66d439ffef4b31e41811901cb02c8ac8548","mergeBranchCommitId":null}
{"commitId":"cd4ae4bb69a1e60427b9d01a050fd770f2319217","commitIdent":"Arie van Deursen","commitMessage":"Provided some background information.\n","commitDate":"2014-04-07 04:44:05","lastCommitId":"11d2a81d421168f42498b1ea9b401914cd917804","mergeBranchCommitId":null}
{"commitId":"11d2a81d421168f42498b1ea9b401914cd917804","commitIdent":"Arie van Deursen","commitMessage":"Included Apache license as it was for jpacman 5.x\n","commitDate":"2014-04-07 04:19:56","lastCommitId":"4d66fd00652794604f40b7ea5ed68f73a0a37815","mergeBranchCommitId":null}
{"commitId":"b2f0221350a5db799f368dabd677552d9465cbf1","commitIdent":"Arie van Deursen","commitMessage":"No start/stop when game is over.\n\nAnd adjusted level so that it exposes when\na game is over (all pellets eaten, no player alive).\n","commitDate":"2014-04-06 22:49:53","lastCommitId":"9afe00ee5321e5e3a6216c14c6663bdda62fd9fd","mergeBranchCommitId":null}
{"commitId":"9afe00ee5321e5e3a6216c14c6663bdda62fd9fd","commitIdent":"Arie van Deursen","commitMessage":"Using format string for point printing\n","commitDate":"2014-04-06 22:49:05","lastCommitId":"e4ed6d2bf35fd344da0a1402faa92e69c4d79209","mergeBranchCommitId":null}
{"commitId":"e4ed6d2bf35fd344da0a1402faa92e69c4d79209","commitIdent":"Arie van Deursen","commitMessage":"Opening up the launcher for extensibility.\n","commitDate":"2014-04-06 22:48:37","lastCommitId":"47b6adf64bcc62bb19eaaea8a377adf39e85a733","mergeBranchCommitId":null}
{"commitId":"47b6adf64bcc62bb19eaaea8a377adf39e85a733","commitIdent":"Arie van Deursen","commitMessage":"Opening up the launcher to make it extensible.\n","commitDate":"2014-04-06 17:44:26","lastCommitId":"add7d9117df87d8c2e7c8a2f4171366e702f0407","mergeBranchCommitId":null}
{"commitId":"add7d9117df87d8c2e7c8a2f4171366e702f0407","commitIdent":"Arie van Deursen","commitMessage":"Removed fields used for debug reporting only.\n","commitDate":"2014-04-06 05:15:50","lastCommitId":"cae37a15dc9d5255c636d521278eb11266b169ce","mergeBranchCommitId":null}
{"commitId":"cae37a15dc9d5255c636d521278eb11266b169ce","commitIdent":"Arie van Deursen","commitMessage":"Removed debugging statements.\n","commitDate":"2014-04-05 21:13:51","lastCommitId":"16fa5b14cd84c2124f91f0f055b27a043a52757f","mergeBranchCommitId":null}
{"commitId":"16fa5b14cd84c2124f91f0f055b27a043a52757f","commitIdent":"Arie van Deursen","commitMessage":"Inform via UI when player has died.\n","commitDate":"2014-04-05 21:08:59","lastCommitId":"82294494e7b47d67bd4fa91695e77fc22013e692","mergeBranchCommitId":null}
{"commitId":"82294494e7b47d67bd4fa91695e77fc22013e692","commitIdent":"Jeroen Roosen","commitMessage":"Made defaultCollisions static\n\nAs per Michael's suggestion.\n","commitDate":"2014-03-31 20:32:59","lastCommitId":"f0e942bce76a34caa9bdc7e1f5cad790dc99f26e","mergeBranchCommitId":null}
{"commitId":"f0e942bce76a34caa9bdc7e1f5cad790dc99f26e","commitIdent":"Jeroen Roosen","commitMessage":"Added a withinBorders method to board.\n","commitDate":"2014-03-31 20:31:01","lastCommitId":"2ff83452e19f3165128745372631840692960156","mergeBranchCommitId":null}
{"commitId":"083d9fd3f3a6bea86273ea906c5a7c30226c99d1","commitIdent":"Arie van Deursen","commitMessage":"Switched to simple collision handler for now.\n","commitDate":"2014-03-31 01:48:09","lastCommitId":"30b6ba967cb23335dcb18efb6bf2b00d17a3ac75","mergeBranchCommitId":null}
{"commitId":"30b6ba967cb23335dcb18efb6bf2b00d17a3ac75","commitIdent":"Arie van Deursen","commitMessage":"A very simple player collision map.\n(player, ghost) is treated the same as (ghost, player)\n\nThis is just an implementation of the CollisionMap interface\nwith ... instanceof.\n\nNot-so-elegant but an easy way to circumvent Java's lack of\nsupport for multiple dispatch for a small interaction map.\n","commitDate":"2014-03-31 01:44:55","lastCommitId":"a49a23cb482bca960ca37b48ce6c8d619c37ba1c","mergeBranchCommitId":null}
{"commitId":"a49a23cb482bca960ca37b48ce6c8d619c37ba1c","commitIdent":"Arie van Deursen","commitMessage":"Default Interaction map in separate class.\n\nRefactored default interaction map into an explicit class,\nwhich acts as a wrapper around the full CollisionInteractionMap.\n","commitDate":"2014-03-31 01:44:55","lastCommitId":"ec980b550a7ae3d39e1d3d802166331433aa1784","mergeBranchCommitId":null}
{"commitId":"167963c2b42f4ac6bfc3a6e07ab099a0c5645f19","commitIdent":"Arie van Deursen","commitMessage":"JPacMan User Stories\n\nFollowing the behavior-driven development format.\n","commitDate":"2014-03-17 02:12:05","lastCommitId":"a98b252dbf49334da342cfacd287224312cbde99","mergeBranchCommitId":null}
{"commitId":"a98b252dbf49334da342cfacd287224312cbde99","commitIdent":"Arie van Deursen","commitMessage":"Added end-to-end smoke test\n\nThis also serves as an example how testing\nwith user interface code can be conducted.\n","commitDate":"2014-03-17 00:27:53","lastCommitId":"de87ac0ec6cd3631602b11251157ff8ae1c38eac","mergeBranchCommitId":null}
{"commitId":"de87ac0ec6cd3631602b11251157ff8ae1c38eac","commitIdent":"Arie van Deursen","commitMessage":"bin target added by eclipse in git ignore\n","commitDate":"2014-03-16 23:55:16","lastCommitId":"44d409eee948c291de75aad127005710e0959b20","mergeBranchCommitId":null}
{"commitId":"44d409eee948c291de75aad127005710e0959b20","commitIdent":"Arie van Deursen","commitMessage":"Ensured sprites are loaded at most once from file\n\nThis speeds up loading games substantially.\nThis reduces test time for end-to-end tests loading full maps.\n","commitDate":"2014-03-16 23:55:16","lastCommitId":"cd632fe81fdc12544449a6376084b82b3803bed0","mergeBranchCommitId":null}
{"commitId":"cd632fe81fdc12544449a6376084b82b3803bed0","commitIdent":"Arie van Deursen","commitMessage":"Enabled disposing of the user interface.\n\nUI testing needs a UI that can be disposed programmatically.\n","commitDate":"2014-03-16 23:54:40","lastCommitId":"d05fbcb2834e86d3f04e918043efcf19fb602390","mergeBranchCommitId":null}
{"commitId":"d15d73e437d708721a5cb37f8302d34233e5310c","commitIdent":"Arie van Deursen","commitMessage":"Bumped to 6, updated dependencies\n\nAnd set character encoding in pom.xml\nn response to maven warnings\n","commitDate":"2014-03-10 05:37:08","lastCommitId":"d3b13e3cad9c14cc5975660b878ca85d9818fc2d","mergeBranchCommitId":null}
{"commitId":"89b7c4dac69b59ee2dc54edb804b99df4130f840","commitIdent":"Arie van Deursen","commitMessage":"Made resulting Game visible in Launcher\n\nTo increase observability for testing purposes.\n","commitDate":"2014-03-10 05:35:44","lastCommitId":"d3b13e3cad9c14cc5975660b878ca85d9818fc2d","mergeBranchCommitId":null}
{"commitId":"6bd18f9c10adf2817d0bcd3003d6346b34c8f11a","commitIdent":"Arie van Deursen","commitMessage":"Extract setup method refactoring for SpriteTest\n","commitDate":"2014-03-10 05:33:14","lastCommitId":"d3b13e3cad9c14cc5975660b878ca85d9818fc2d","mergeBranchCommitId":null}
{"commitId":"5b3850999ba0bad56677b914ce725fcdc4b96ac9","commitIdent":"Arie van Deursen","commitMessage":"Enabled Travis Continuous Integration\n\nThe settings also permit running tests requiring a UI.\n","commitDate":"2014-03-10 05:21:45","lastCommitId":"d3b13e3cad9c14cc5975660b878ca85d9818fc2d","mergeBranchCommitId":null}
{"commitId":"5fdc5ca14b9a02bda5ffc8ab7e10afeec636862a","commitIdent":"Arie van Deursen","commitMessage":"IntelliJ IDEA ignore settings added\n","commitDate":"2014-03-09 04:24:46","lastCommitId":"a7d4ada3e8d2a54790c13996382f453a5b9c3287","mergeBranchCommitId":null}
{"commitId":"a7d4ada3e8d2a54790c13996382f453a5b9c3287","commitIdent":"Jeroen Roosen","commitMessage":"Change Logger name to LOG rather than just L\n","commitDate":"2014-02-07 02:27:53","lastCommitId":"1d9cdb4a2d90a70acbbbaef4532df007e6a232e5","mergeBranchCommitId":null}
{"commitId":"1d9cdb4a2d90a70acbbbaef4532df007e6a232e5","commitIdent":"Jeroen Roosen","commitMessage":"Increased visibility for possible extension\n\nWhen creating the UndoablePacman, these parts turned out to be (package)\nprivate while being protected would be better.\n","commitDate":"2014-02-06 00:17:02","lastCommitId":"7f70758c0f1b53adef44599165bc456f0a11fdf5","mergeBranchCommitId":null}
{"commitId":"7f70758c0f1b53adef44599165bc456f0a11fdf5","commitIdent":"Jeroen Roosen","commitMessage":"Moved the starting square assert\n\nThis assert proved to be very impractical during tests, so I moved it to\nthe method where it is actually relevant.\n","commitDate":"2014-02-05 23:37:45","lastCommitId":"6f3d46d8fe036933f459e90f54656da3741ac068","mergeBranchCommitId":null}
{"commitId":"6f3d46d8fe036933f459e90f54656da3741ac068","commitIdent":"Jeroen Roosen","commitMessage":"Increased interval time for ghosts\n\nAfter Michael solved the performance issue with the Navigation\nalgorithm, the ghosts turned out to be a little too fast.\n","commitDate":"2013-11-14 06:23:50","lastCommitId":"5495654265ae7cf8003bbf5ee7e531771e98f7f4","mergeBranchCommitId":null}
{"commitId":"93a02710ffd1a80ee6be4b60b9018d22e4dacd79","commitIdent":"Michael de Jong","commitMessage":"Fixed navigation bug in pathfinding algorithm\n","commitDate":"2013-11-14 04:29:11","lastCommitId":"326e6df55856327e5a8b6fcfbb114c324d108c44","mergeBranchCommitId":null}
{"commitId":"326e6df55856327e5a8b6fcfbb114c324d108c44","commitIdent":"Jeroen Roosen","commitMessage":"More logging on ghosts\n\nAdded some logging exceptions to the logback config.\n","commitDate":"2013-11-13 22:21:34","lastCommitId":"2dd20fa0aa9f221b73ceb01881867ac46e8ea38e","mergeBranchCommitId":null}
{"commitId":"2dd20fa0aa9f221b73ceb01881867ac46e8ea38e","commitIdent":"Jeroen Roosen","commitMessage":"More factories, refactoring and logging\n","commitDate":"2013-11-13 22:21:04","lastCommitId":"949a973073d01b21d7144ad7bc83981b789bb8e2","mergeBranchCommitId":null}
{"commitId":"949a973073d01b21d7144ad7bc83981b789bb8e2","commitIdent":"Jeroen Roosen","commitMessage":"Some refactoring and added logging\n\nAdded logback classic as the logging system. Mainly added logging to\nkeep track of Ghost movement for future debugging.\n","commitDate":"2013-11-13 20:31:05","lastCommitId":"cf70c34265d1d12d186f84b7897f41b640c599fe","mergeBranchCommitId":null}
{"commitId":"cf70c34265d1d12d186f84b7897f41b640c599fe","commitIdent":"Jeroen Roosen","commitMessage":"Added some rather buggy AIs\n\nI implemented the original Pac-Man AIs, but in practice them seem to\nlock up after a while. Need to investigate and fix this, as well as\nimprove the AIs.\n","commitDate":"2013-11-13 01:21:14","lastCommitId":"6ce02f0ca4e06c309ac377249d5fff0f479aee26","mergeBranchCommitId":null}
{"commitId":"6ce02f0ca4e06c309ac377249d5fff0f479aee26","commitIdent":"Jeroen Roosen","commitMessage":"Fixed a unit test I broke during previous commit\n\nOops.\n","commitDate":"2013-11-12 21:41:21","lastCommitId":"5912aa2893c25fe602c239c015be65a7c3fced4c","mergeBranchCommitId":null}
{"commitId":"5912aa2893c25fe602c239c015be65a7c3fced4c","commitIdent":"Jeroen Roosen","commitMessage":"Wired Level feedback to Game and refactored\n\nThe game is pretty much done now: it can be started and stopped and it\ndetects whether it is over or not.\n","commitDate":"2013-11-12 21:38:19","lastCommitId":"95af86340886ff23fa90dae0f622047aa27dbed9","mergeBranchCommitId":null}
{"commitId":"95af86340886ff23fa90dae0f622047aa27dbed9","commitIdent":"Jeroen Roosen","commitMessage":"Added Player to the SinglePlayerGame\n","commitDate":"2013-11-12 20:31:16","lastCommitId":"f48453be29c22116484c96a3d154b0c161cd93b0","mergeBranchCommitId":null}
{"commitId":"f48453be29c22116484c96a3d154b0c161cd93b0","commitIdent":"Jeroen Roosen","commitMessage":"Added MapParser\n\nFor now Ghost is provided by LevelFactory and moves randomly.\n","commitDate":"2013-11-12 01:38:45","lastCommitId":"08045ccb2bdefa9bcfa281da897123eb5185cab6","mergeBranchCommitId":null}
{"commitId":"08045ccb2bdefa9bcfa281da897123eb5185cab6","commitIdent":"Jeroen Roosen","commitMessage":"Fixed animated sprite issues\n","commitDate":"2013-11-12 01:37:54","lastCommitId":"eae6d34f31d5494d96c7b5f9c796db18d6539f0f","mergeBranchCommitId":null}
{"commitId":"eae6d34f31d5494d96c7b5f9c796db18d6539f0f","commitIdent":"Jeroen Roosen","commitMessage":"Added tests for board factory\n\nVerified that all squares are properly connected.\n","commitDate":"2013-11-12 00:38:51","lastCommitId":"4ee3a3f31bd310150c56ba85f4f81392bd1caa04","mergeBranchCommitId":null}
{"commitId":"4ee3a3f31bd310150c56ba85f4f81392bd1caa04","commitIdent":"Jeroen Roosen","commitMessage":"Added BoardFactory to create boards\n\nThe board factory also takes care of connecting the grid.\n","commitDate":"2013-11-11 23:53:54","lastCommitId":"9fb5826370fae570885da0fc69478775b38b5949","mergeBranchCommitId":null}
{"commitId":"9fb5826370fae570885da0fc69478775b38b5949","commitIdent":"Jeroen Roosen","commitMessage":"Implemented Board\n\nBoard is just a view on the underlying connected grid of Squares, only\nused to draw the game at the moment.\n","commitDate":"2013-11-11 23:28:37","lastCommitId":"13dce7141f3e2e675c48165d8588aa1011b2c44d","mergeBranchCommitId":null}
{"commitId":"13dce7141f3e2e675c48165d8588aa1011b2c44d","commitIdent":"Jeroen Roosen","commitMessage":"Implemented Square and Unit\n\nMade them abstract classes instead of interfaces.\n","commitDate":"2013-11-11 23:01:35","lastCommitId":"3e8c411312d21c8b437c5e50d77342e362466f8e","mergeBranchCommitId":null}
{"commitId":"3e8c411312d21c8b437c5e50d77342e362466f8e","commitIdent":"Jeroen Roosen","commitMessage":"Cleaned up BoardPanel\n","commitDate":"2013-11-11 22:31:35","lastCommitId":"59abc2d7085074c928f22417e97ebd0ea9ab84cc","mergeBranchCommitId":null}
{"commitId":"59abc2d7085074c928f22417e97ebd0ea9ab84cc","commitIdent":"Jeroen Roosen","commitMessage":"Added collisions and doc on Board classes\n","commitDate":"2013-11-11 22:30:50","lastCommitId":"6d7c14da4fbda6d321afc89575d6d4438c769b7f","mergeBranchCommitId":null}
{"commitId":"6d7c14da4fbda6d321afc89575d6d4438c769b7f","commitIdent":"Jeroen Roosen","commitMessage":"Added tests for Level and finished registerPlayer\n\nAdded the Mockito mocking framework.\n","commitDate":"2013-11-11 20:40:04","lastCommitId":"7f48a447e6354fe8795dc084d9b6e77e08023d5b","mergeBranchCommitId":null}
{"commitId":"7f48a447e6354fe8795dc084d9b6e77e08023d5b","commitIdent":"Jeroen Roosen","commitMessage":"Implemented level and added NPC structure\n\nBeing able to register players later on allows levels to be loaded\nseparately and games to reuse the player object as a unit instead of\nbinding it to a new unit.\n","commitDate":"2013-11-11 20:08:11","lastCommitId":"7a108072bb525086f1fb410d7ed3f9907e4fa27f","mergeBranchCommitId":null}
{"commitId":"7a108072bb525086f1fb410d7ed3f9907e4fa27f","commitIdent":"Jeroen Roosen","commitMessage":"Split the game implementation\n\nI'd like the SinglePlayerGame to be an example of a Game, not a full\nimplementation.\n","commitDate":"2013-11-11 19:31:27","lastCommitId":"c0e014dbef175e42df6e8298985dffa8061700fd","mergeBranchCommitId":null}
{"commitId":"c0e014dbef175e42df6e8298985dffa8061700fd","commitIdent":"Jeroen Roosen","commitMessage":"Added a basic implementation for Game\n\nImplementation is not complete.\n","commitDate":"2013-11-08 21:24:54","lastCommitId":"698ac7d6721b21f3837a151e0a459592c3557314","mergeBranchCommitId":null}
{"commitId":"698ac7d6721b21f3837a151e0a459592c3557314","commitIdent":"Jeroen Roosen","commitMessage":"Added some tests for Sprites and fixed some bugs\n","commitDate":"2013-11-08 20:33:22","lastCommitId":"ae0d89cd5609b1cd291663626bc56ccb9fb53d9e","mergeBranchCommitId":null}
{"commitId":"ae0d89cd5609b1cd291663626bc56ccb9fb53d9e","commitIdent":"Jeroen Roosen","commitMessage":"Added a sprite library and Sprite implementations\n\nThe library contains all classic Pac-Man sprites in 16x16 format.\n","commitDate":"2013-11-08 19:54:22","lastCommitId":"093c4b6015a0a25d5860175c7e4b7cb82cf38145","mergeBranchCommitId":null}
{"commitId":"093c4b6015a0a25d5860175c7e4b7cb82cf38145","commitIdent":"Jeroen Roosen","commitMessage":"Added key bindings to move and related stubs\n","commitDate":"2013-11-08 19:34:48","lastCommitId":"7644b8ae7d31249ac68d4b0cef9d7aa9973a5396","mergeBranchCommitId":null}
{"commitId":"7644b8ae7d31249ac68d4b0cef9d7aa9973a5396","commitIdent":"Jeroen Roosen","commitMessage":"Added a note to the readme (work in progress...)\n","commitDate":"2013-11-08 01:05:11","lastCommitId":"15c4b1f7753cd251af49fd5ca7095df80829b95c","mergeBranchCommitId":null}
{"commitId":"15c4b1f7753cd251af49fd5ca7095df80829b95c","commitIdent":"Jeroen Roosen","commitMessage":"Added the code for the UI and all necessary stubs\n","commitDate":"2013-11-08 01:04:47","lastCommitId":"7a9bb68fcfa09e6507b70fbe7418d48900660773","mergeBranchCommitId":null}
{"commitId":"7a9bb68fcfa09e6507b70fbe7418d48900660773","commitIdent":"Jeroen Roosen","commitMessage":"Added gitignore and maven project file.\n\nPOM is set for Java 1.7 and gitignore for typical eclipse / java /\nmaven.\n","commitDate":"2013-11-07 23:08:30","lastCommitId":"1185f2b770024ce65ec19b8258faaed057acdde5","mergeBranchCommitId":null}
{"commitId":"1185f2b770024ce65ec19b8258faaed057acdde5","commitIdent":"Jeroen Roosen","commitMessage":"Initial commit\n","commitDate":"2013-11-07 22:56:09","lastCommitId":null,"mergeBranchCommitId":null}
